tree
version=v4
num_class=1
num_tree_per_iteration=1
label_index=0
max_feature_idx=4
objective=regression
feature_names=Rainfall_mm Temperature_Celsius Fertilizer_Used Irrigation_Used Weather_Condition_Rainy
feature_infos=[-1.7315709642362898:1.7300738458319451] [-1.7342579222771057:1.7297949000588848] [0:1] [0:1] [0:1]
tree_sizes=2836 2974 2974 2976 2977 2990 2986 2997 3001 3010 3019 3022 3026 3031 3032 3020 3040 3031 3026 3041 3039 3048 3044 3043 3048 3051 3051 3060 3057 3057 3059 3075 3068 3066 3066 3057 3062 3063 3060 3068 3040 3071 3054 3073 3055 3068 3065 3029 3033 3040 3012 3077 3038 3015 3019 3020 2992 3001 2997 2994 3034 3006 2999 2966 2995 2999 2969 2969 3010 2988 2991 2951 2945 2957 2963 2980 2970 2939 3009 2911 2954 2993 2981 2900 2981 2944 2914 2940 2972 2873 2942 2908 2948 2935 2957 2918 2979 2885 2915 2910

Tree=0
num_leaves=31
num_cat=0
split_feature=0 2 2 3 3 3 3 0 0 0 0 0 0 0 0 0 0 0 0 0 0 0 0 0 0 0 0 0 0 0
split_gain=168581 37679.2 37009.4 12186 11963 11855.7 11575.4 5700.78 5599.68 5551.58 5499.79 5042.09 4984.65 4933.19 4924.59 878.65 740.269 723.339 704.889 689.084 684.966 683.308 653.734 649.08 643.864 600.332 597.134 588.972 562.103 542.25
threshold=0.028497697517503622 1.0000000180025095e-35 1.0000000180025095e-35 1.0000000180025095e-35 1.0000000180025095e-35 1.0000000180025095e-35 1.0000000180025095e-35 -0.85581921633694413 -0.92419775505441082 -0.83011777579712021 -0.81597829820735102 0.88950629404955894 0.93004767944978317 0.84783260509772262 0.8761331149580297 -0.48724302240707323 -1.2674358271384925 0.46641650903324866 -1.2674358271384925 -0.40641640779740301 1.3122022017197439 -1.293258937286077 1.2853502767338321 -0.47400517433395878 1.3256656802583338 0.45269217921968474 0.49289244727721204 -0.43286894460058956 1.337431268398986 -1.320239269496789
decision_type=2 2 2 2 2 2 2 2 2 2 2 2 2 2 2 2 2 2 2 2 2 2 2 2 2 2 2 2 2 2
left_child=1 3 6 9 10 14 11 18 29 21 16 26 17 -8 25 -10 -3 -7 -6 -9 -16 -1 -15 -11 -13 -4 -2 -12 -14 -5
right_child=2 4 5 8 7 12 13 19 15 23 27 24 28 22 20 -17 -18 -19 -20 -21 -22 -23 -24 -25 -26 -27 -28 -29 -30 -31
leaf_value=4.3233138298636824 4.5533125629560338 4.474648202529985 4.7008217463287867 4.4393537674224959 4.5915175674810245 4.8214595495488908 4.6954611006330405 4.7064219594436274 4.5473786850269002 4.4337853941386918 4.58739678697453 4.6621813730529595 4.9353776311279436 4.7771728503241579 4.8092589758728241 4.6091314372189762 4.5328511798151023 4.8793285789132055 4.6493868607341478 4.7629009572007766 4.8668505413773495 4.379589534433765 4.8328772937829987 4.4910149575470744 4.7184349575285633 4.7549619347790433 4.6074063039605697 4.6417819301842922 4.9891607818090478 4.4921545483885295
leaf_weight=4157 4435 4478 4040 3886 4531 4228 7830 4448 4256 3369 3591 4234 4024 4115 4185 5024 4268 4416 3931 4200 4077 4486 4317 4813 3917 4154 3780 4470 3758 3894
leaf_count=4157 4435 4478 4040 3886 4531 4228 7830 4448 4256 3369 3591 4234 4024 4115 4185 5024 4268 4416 3931 4200 4077 4486 4317 4813 3917 4154 3780 4470 3758 3894
internal_value=4.65392 4.54338 4.76832 4.4688 4.61789 4.84319 4.69286 4.67675 4.52835 4.40841 4.55797 4.63349 4.90329 4.75262 4.7832 4.58081 4.50305 4.85102 4.6184 4.73385 4.83768 4.35252 4.80569 4.46745 4.68921 4.72827 4.5782 4.61755 4.96135 4.46578
internal_weight=133312 67802 65510 33885 33917 32882 32628 17110 17060 16825 16807 16366 16426 16262 16456 9280 8746 8644 8462 8648 8262 8643 8432 8182 8151 8194 8215 8061 7782 7780
internal_count=133312 67802 65510 33885 33917 32882 32628 17110 17060 16825 16807 16366 16426 16262 16456 9280 8746 8644 8462 8648 8262 8643 8432 8182 8151 8194 8215 8061 7782 7780
is_linear=0
shrinkage=1


Tree=1
num_leaves=31
num_cat=0
split_feature=0 2 2 3 3 3 3 0 0 0 0 0 0 0 0 0 0 0 0 0 0 0 0 0 0 0 0 0 0 0
split_gain=136612 30613.9 29889.7 9865.52 9606.02 9546.65 9508.71 4371.7 4354.87 4345.51 4331.59 4310.51 4240.01 4235.68 4130.21 734.221 732.939 729.538 634.607 605.046 598.913 590.101 555.866 540.748 476.887 462.588 428.03 413.521 410.068 404.936
threshold=-0.013479946179537383 1.0000000180025095e-35 1.0000000180025095e-35 1.0000000180025095e-35 1.0000000180025095e-35 1.0000000180025095e-35 1.0000000180025095e-35 0.84783260509772262 0.7363965729410985 0.86208144572062018 -0.93833068682490606 0.95781783596699255 -0.91060317838706772 -0.77431571318743886 -0.84283318343244329 1.1341786478862106 0.5198730197905802 -1.2000354598384184 -0.48724302240707323 -0.47400517433395878 1.2713524307979476 1.2713524307979476 -1.3479419897304001 0.37187914526189675 0.41245416873188345 -0.44625749513813645 -1.3479419897304001 0.35768995104909213 -1.3325181519180707 1.3636671949727737
decision_type=2 2 2 2 2 2 2 2 2 2 2 2 2 2 2 2 2 2 2 2 2 2 2 2 2 2 2 2 2 2
left_child=2 5 4 11 12 7 14 24 27 23 26 16 28 17 22 -10 -3 -6 -12 -14 -9 -11 -4 -5 -2 -16 -8 -7 -1 -13
right_child=1 3 6 9 13 8 10 20 15 21 18 29 19 -15 25 -17 -18 -19 -20 -21 -22 -23 -24 -25 -26 -27 -28 -29 -30 -31
leaf_value=-0.30016483689116419 -0.097583654070245482 0.043277577728305483 -0.16638443766463451 0.14237355677259911 -0.18596717656681849 0.0039544672580818672 -0.060896248905681384 0.0017948324488404428 0.096506046396747119 0.24485579994790341 0.038046286683298729 0.1484471108795255 -0.20216140781756847 -0.059237248288159766 -0.062437821242246741 0.15357750991396502 0.099262020124310957 -0.12941267132305531 0.091029313018955171 -0.14901417442293438 0.054853568950709392 0.29776699918799776 -0.11477571125068634 0.19361078247261521 -0.049352670307668933 -0.014011300000565059 -0.013689663874574343 0.051753035936004194 -0.25447708518181034 0.19513727567903227
leaf_weight=3755 3970 5108 3708 3694 5113 3602 3780 4066 3722 4012 4413 3895 4137 7413 3740 5716 4313 4118 4635 4442 4462 4441 4774 4656 4239 4174 3905 3638 4120 3551
leaf_count=3755 3970 5108 3708 3694 5113 3602 3780 4066 3722 4012 4413 3895 4137 7413 3740 5716 4313 4118 4635 4442 4462 4441 4774 4656 4239 4174 3905 3638 4120 3551
internal_value=4.36588e-10 0.100581 -0.101884 0.167878 -0.169096 0.0327699 -0.0347345 -0.0205866 0.0863153 0.222111 0.0182976 0.11385 -0.223279 -0.115531 -0.0888566 0.131071 0.0689076 -0.160738 0.0651878 -0.174643 0.0295561 0.272654 -0.137337 0.170944 -0.0726779 -0.0368967 -0.036909 0.0279726 -0.276262 0.170714
internal_weight=133312 67085 66227 33670 33098 33415 33129 16737 16678 16803 16733 16867 16454 16644 16396 9438 9421 9231 9048 8579 8528 8453 8482 8350 8209 7914 7685 7240 7875 7446
internal_count=133312 67085 66227 33670 33098 33415 33129 16737 16678 16803 16733 16867 16454 16644 16396 9438 9421 9231 9048 8579 8528 8453 8482 8350 8209 7914 7685 7240 7875 7446
is_linear=0
shrinkage=0.1


Tree=2
num_leaves=31
num_cat=0
split_feature=0 2 2 3 3 3 3 0 0 0 0 0 0 0 0 0 0 0 0 0 0 0 0 0 0 0 0 0 0 0
split_gain=110854 25667.3 23439 8192.19 8014.82 7562.82 7420.62 3875.88 3868.96 3859.88 3841.31 3176.85 3146.4 3083.91 3063.85 694.606 657.581 655.365 565.563 506.058 498.333 494.106 481.912 404.4 401.291 351.448 346.038 337.627 302.879 301.171
threshold=-0.067348458797181723 1.0000000180025095e-35 1.0000000180025095e-35 1.0000000180025095e-35 1.0000000180025095e-35 1.0000000180025095e-35 1.0000000180025095e-35 0.86208144572062018 0.70881147039294001 0.7363965729410985 0.76449877996373194 -0.98070344874805171 -0.98070344874805171 -0.91060317838706772 -0.98070344874805171 1.2171728525832788 1.2301100328484971 1.2301100328484971 -0.55373568252715744 -0.62075907107473738 -0.56768495210721237 0.34503897799486938 1.4051243056262674 -0.58014252681446843 0.27633224319172528 0.31766689137725185 0.28969799523830564 -1.2135711569050573 -1.3767822609135916 -1.4048914043645619
decision_type=2 2 2 2 2 2 2 2 2 2 2 2 2 2 2 2 2 2 2 2 2 2 2 2 2 2 2 2 2 2
left_child=2 4 5 10 7 13 14 21 25 26 24 29 28 27 -4 -11 -12 -10 -14 -13 -16 -2 -9 -15 -3 -6 -5 -1 -7 -8
right_child=1 3 6 9 8 12 11 22 17 15 16 19 18 23 20 -17 -18 -19 -20 -21 -22 -23 -24 -25 -26 -27 -28 -29 -30 -31
leaf_value=-0.26460031488931812 -0.094271498999545567 0.022243729364912423 -0.13138882293367912 0.12088501639129808 -0.00075649407094770683 -0.17786433932435 -0.05831323691531215 0.0089537910404936163 0.090816897432373658 0.21160720369007635 0.11590077123636866 0.023547727841124941 -0.093981737453172398 -0.18890555313045526 -0.069836045999210505 0.26526208789218519 0.16907136443005913 0.14281636431848002 -0.043441530923976651 0.072439522714345325 -0.021818470114452777 -0.046714985874206506 0.05855748834806708 -0.14278520900093672 0.067749502011161505 0.042536972503786422 0.16352008256684022 -0.22178036881159047 -0.13684732129326257 -0.017414058120411739
leaf_weight=4939 3870 3262 7153 3477 3713 3370 3246 5293 4859 4692 4461 3467 4169 3093 3891 4967 4860 4836 4722 5437 4862 5017 3109 4934 4774 3788 4207 2936 3865 4043
leaf_count=4939 3870 3262 7153 3477 3713 3370 3246 5293 4859 4692 4461 3467 4169 3093 3891 4967 4860 4836 4722 5437 4862 5017 3109 4934 4774 3788 4207 2936 3865 4043
internal_value=3.84377e-10 0.087792 -0.0947165 0.148512 0.026693 -0.155241 -0.0343261 -0.0213866 0.0750326 0.197121 0.0999433 0.013327 -0.106986 -0.204175 -0.082839 0.239198 0.143624 0.116755 -0.0671399 0.0534023 -0.0431639 -0.0674243 0.0273087 -0.160557 0.0492776 0.0211067 0.144228 -0.248636 -0.155953 -0.0356276
internal_weight=133312 69185 64127 34700 34485 32028 32099 17289 17196 17343 17357 16193 16126 15902 15906 9659 9321 9695 8891 8904 8753 8887 8402 8027 8036 7501 7684 7875 7235 7289
internal_count=133312 69185 64127 34700 34485 32028 32099 17289 17196 17343 17357 16193 16126 15902 15906 9659 9321 9695 8891 8904 8753 8887 8402 8027 8036 7501 7684 7875 7235 7289
is_linear=0
shrinkage=0.1


Tree=3
num_leaves=31
num_cat=0
split_feature=0 2 2 0 0 3 3 3 3 3 3 0 0 0 0 0 0 0 0 0 0 0 0 0 0 0 0 0 0 0
split_gain=89857.2 21475.6 18344.6 6880.84 6807.88 5946.48 5787.9 3748.76 3448.37 3303.36 2967.89 2323.69 2305.18 2271.39 2258.45 619.028 617.219 484.866 463.92 431.654 428.453 427.41 418.497 415.287 383.434 320.66 302.621 216.482 208.904 192.865
threshold=-0.12159014014618205 1.0000000180025095e-35 1.0000000180025095e-35 0.70881147039294001 0.81982243851060776 1.0000000180025095e-35 1.0000000180025095e-35 1.0000000180025095e-35 1.0000000180025095e-35 1.0000000180025095e-35 1.0000000180025095e-35 -1.0489426857539244 -1.0222119280693127 -1.0633242101616847 -1.0222119280693127 1.188804308194185 1.1207373331592569 0.38539674160062215 1.2027513462519779 0.26241034485265541 -0.69084601288405256 -0.59322070223045664 -0.62075907107473738 1.3915677477685855 -0.63475074041625767 0.249236792683561 0.23571568079892355 -1.4879188024431256 -1.4048914043645619 -1.4732671313189605
decision_type=2 2 2 2 2 2 2 2 2 2 2 2 2 2 2 2 2 2 2 2 2 2 2 2 2 2 2 2 2 2
left_child=2 4 5 10 8 14 13 15 19 18 25 -8 28 27 29 -5 -9 -10 -6 -2 -15 -14 -13 -11 -16 -3 -12 -4 -7 -1
right_child=1 3 6 7 9 12 11 16 17 23 26 22 21 20 24 -17 -18 -19 -20 -21 -22 -23 -24 -25 -26 -27 -28 -29 -30 -31
leaf_value=-0.25196233486194619 -0.091718200234521194 0.01689369151606273 -0.14680836415996315 0.09995427820750391 -0.004492492111250984 -0.16165240523995481 -0.035828281176231165 0.1840635949840283 0.00096958224486403701 0.092667905198398931 0.10374989876454165 0.018707604557780293 -0.088324281414792524 -0.072249961370400781 -0.17713361195691438 0.15030057259637186 0.23475286654270611 0.04750905307768636 0.042161034124701145 -0.04718378075966756 -0.027510752458980433 -0.044133353852147977 0.061940666476153067 0.13771305136620349 -0.13417134502172876 0.057193741097277928 0.14308958586800144 -0.10869798943509204 -0.12656002817071119 -0.21693160203341774
leaf_weight=2449 3635 3495 2365 4555 3643 3117 6628 4060 4884 5389 3479 4128 4167 3498 3595 5265 5883 4133 5137 5424 5516 4610 4893 3300 4921 4538 4465 4031 3722 4387
leaf_count=2449 3635 3495 2365 4555 3643 3117 6628 4060 4884 5389 3479 4128 4167 3498 3595 5265 5883 4133 5137 5424 5516 4610 4893 3300 4921 4538 4465 4031 3722 4387
internal_value=1.02448e-10 0.0765831 -0.0880137 0.131321 0.0215452 -0.142477 -0.0337104 0.170772 -0.0214777 0.0660631 0.0825205 0.00912715 -0.0990285 -0.0772124 -0.186672 0.126947 0.214055 0.0223012 0.0228035 -0.0650536 -0.0448724 -0.0651136 0.0421573 0.109776 -0.152308 0.03966 0.125861 -0.12279 -0.142554 -0.229481
internal_weight=133312 71285 62027 35740 35545 30968 31059 19763 18076 17469 15977 15649 15616 15410 15352 9820 9943 9017 8780 9059 9014 8777 9021 8689 8516 8033 7944 6396 6839 6836
internal_count=133312 71285 62027 35740 35545 30968 31059 19763 18076 17469 15977 15649 15616 15410 15352 9820 9943 9017 8780 9059 9014 8777 9021 8689 8516 8033 7944 6396 6839 6836
is_linear=0
shrinkage=0.1


Tree=4
num_leaves=31
num_cat=0
split_feature=0 2 2 3 0 3 3 0 3 3 0 0 0 0 0 0 0 0 0 0 0 0 0 0 0 0 0 0 0 0
split_gain=72950.5 16717.2 15447.1 5421.5 5342.31 4976.4 4885.4 2703.09 2650.15 2634.79 2634.51 2043.13 1994.72 1984.8 1962.98 461.736 414.229 394.87 382.304 374.057 352.599 339.857 326.162 315.439 295.51 294.428 277.731 261.832 225.216 219.928
threshold=0.083037160214044267 1.0000000180025095e-35 1.0000000180025095e-35 1.0000000180025095e-35 -0.81597829820735102 1.0000000180025095e-35 1.0000000180025095e-35 -0.71883807825239754 1.0000000180025095e-35 1.0000000180025095e-35 -0.74713009814799736 1.0253162623782182 0.98454549284522419 0.97119495348589113 0.9438659511362949 -1.1867184709716272 -1.1582719766168734 -1.2539550398715551 -1.1867184709716272 0.56120335882398942 -0.31337815950409609 -0.29923375264560831 0.60265625901781739 0.5198730197905802 -0.27186093320527221 0.56120335882398942 -0.29923375264560831 1.4453245433522455 1.4587152213936438 1.3915677477685855
decision_type=2 2 2 2 2 2 2 2 2 2 2 2 2 2 2 2 2 2 2 2 2 2 2 2 2 2 2 2 2 2
left_child=1 3 6 10 9 12 11 15 20 18 16 19 22 25 23 -5 -1 -11 -3 -2 -6 -10 -4 -8 -12 -7 -9 -15 -14 -16
right_child=2 4 5 7 8 13 14 26 21 17 24 -13 28 27 29 -17 -18 -19 -20 -21 -22 -23 -24 -25 -26 -27 -28 -29 -30 -31
leaf_value=-0.21271894079833797 -0.062124398546148596 -0.11629589413106892 0.038721009066440347 -0.13564479488659076 -0.039970973628301903 0.11627734293047176 0.014711352849527399 -0.054560559417037857 0.03965319990414911 -0.042091254055340414 -0.13322237909872478 0.030235595239354398 0.11297857671780845 0.18987127519033176 0.089456775929664376 -0.092016040594497556 -0.17023693953717389 0.00016493695953618669 -0.073564291126422182 -0.021425608881612393 0.0008368444133420611 0.079501329346249094 0.077659963415200942 0.053952634418324555 -0.094106001182875806 0.153596007210417 -0.01691116039914204 0.22881584512525857 0.14972324092878431 0.12394174549062596
leaf_weight=5456 4613 5274 5013 5249 4752 4570 4202 4125 5106 4645 4524 6842 4522 4618 4207 4510 3962 4221 3472 4424 3819 3685 3768 3997 3370 3934 3732 2757 2643 3300
leaf_count=5456 4613 5274 5013 5249 4752 4570 4202 4125 5106 4645 4524 6842 4522 4618 4207 4510 3962 4221 3472 4424 3819 3685 3768 3997 3370 3934 3732 2757 2643 3300
internal_value=2.98384e-10 -0.0704553 0.0776686 -0.119391 -0.0215844 0.126839 0.0281249 -0.0803342 0.0177794 -0.0603894 -0.159133 -0.010989 0.0873786 0.166465 0.0676696 -0.115482 -0.194847 -0.0219736 -0.0993322 -0.0422006 -0.0217881 0.0563567 0.05543 0.0338414 -0.116523 0.133541 -0.0366775 0.20443 0.126533 0.104616
internal_weight=133312 69902 63410 34928 34974 31825 31585 17616 17362 17612 17312 15879 15946 15879 15706 9759 9418 8866 8746 9037 8571 8791 8781 8199 7894 8504 7857 7375 7165 7507
internal_count=133312 69902 63410 34928 34974 31825 31585 17616 17362 17612 17312 15879 15946 15879 15706 9759 9418 8866 8746 9037 8571 8791 8781 8199 7894 8504 7857 7375 7165 7507
is_linear=0
shrinkage=0.1


Tree=5
num_leaves=31
num_cat=0
split_feature=0 2 2 3 3 3 3 0 0 0 0 0 0 0 0 0 0 0 0 0 0 0 0 0 0 0 0 0 0 0
split_gain=59109.7 13139.8 12902.1 4248.44 4174.14 4131.34 4037.07 2032.34 2008.41 1967.34 1962.54 1812.03 1789.82 1778.96 1771.37 370.089 336.078 322.54 302.794 299.651 293.305 291.421 279.056 277.183 264.125 259.47 224.421 219.628 187.313 185.488
threshold=0.028497697517503622 1.0000000180025095e-35 1.0000000180025095e-35 1.0000000180025095e-35 1.0000000180025095e-35 1.0000000180025095e-35 1.0000000180025095e-35 -0.84283318343244329 -0.81597829820735102 -0.89691327455437053 -0.74713009814799736 0.9438659511362949 0.95781783596699255 0.93004767944978317 1.0120705111601314 -1.2539550398715551 0.60265625901781739 -0.36617265217512346 -1.3066071906808669 0.5198730197905802 -1.4048914043645619 0.49289244727721204 -0.35199527990260837 0.5198730197905802 -0.39283163977556773 1.4845421030060928 1.4051243056262674 -1.4326193338329263 1.3915677477685855 -0.31337815950409609
decision_type=2 2 2 2 2 2 2 2 2 2 2 2 2 2 2 2 2 2 2 2 2 2 2 2 2 2 2 2 2 2
left_child=1 3 6 9 10 14 11 20 18 27 15 23 21 19 16 -3 -4 -11 -5 -8 -6 -7 -10 -2 -9 -13 -14 -1 -15 -12
right_child=2 4 5 8 7 12 13 24 22 17 29 25 26 28 -16 -17 -18 -19 -20 -21 -22 -23 -24 -25 -26 -27 -28 -29 -30 -31
leaf_value=-0.20328592677862445 -0.059621430947237042 -0.10730488350914234 0.032622409511820542 -0.12762126000204821 -0.044689961974058674 0.099142897218627055 0.010526056515704161 0.031213506630112131 -0.055505568278345567 -0.12907272632816036 -0.032595467354933842 0.011413707941978594 0.16870864122082166 0.079948252379013554 0.11512760487882186 -0.067592649695518703 0.070604705549128885 -0.090411506723421978 -0.090472901456063876 0.048031876592892417 -0.0065898694742504626 0.13532650191309456 -0.018477856825015355 -0.023879616827835771 0.066489495775406138 0.051361872959469757 0.20373050260896558 -0.16870951235346013 0.11154757034442755 -0.00078563798937640594
leaf_weight=2857 4671 4641 5523 4029 3246 4488 4758 4472 4490 5059 4110 5297 4379 4347 6904 4747 4029 3763 4818 3857 5352 4416 3723 4052 4040 2346 3143 5146 3300 3309
leaf_count=2857 4671 4641 5523 4029 3246 4488 4758 4472 4490 5059 4110 5297 4379 4347 6904 4747 4029 3763 4818 3857 5352 4416 3723 4052 4040 2346 3143 5146 3300 3309
internal_value=9.15368e-11 -0.0654527 0.0677427 -0.109496 -0.0214512 0.11195 0.0231913 0.013318 -0.0743316 -0.145151 -0.0568472 -0.0118721 0.147428 0.0584789 0.0765363 -0.0872246 0.0486432 -0.112582 -0.107391 0.0273177 -0.0209738 0.117088 -0.0387207 -0.0430187 0.0479563 0.0236757 0.183342 -0.181053 0.0935847 -0.0184077
internal_weight=133312 67802 65510 33885 33917 32882 32628 17110 17060 16825 16807 16366 16426 16262 16456 9388 9552 8822 8847 8615 8598 8904 8213 8723 8512 7643 7522 8003 7647 7419
internal_count=133312 67802 65510 33885 33917 32882 32628 17110 17060 16825 16807 16366 16426 16262 16456 9388 9552 8822 8847 8615 8598 8904 8213 8723 8512 7643 7522 8003 7647 7419
is_linear=0
shrinkage=0.1


Tree=6
num_leaves=31
num_cat=0
split_feature=0 2 2 0 0 3 3 3 3 3 3 0 0 0 0 0 0 0 0 0 0 0 0 0 0 0 0 0 0 0
split_gain=48059.4 11353.4 9800.28 3853.16 3851.76 3131.92 3131.39 1961.68 1869.47 1739.73 1638.91 1250.99 1199.11 1184.55 1169.42 322.419 314.783 312.398 305.162 251.887 241.314 217.175 212.791 203.875 200.771 197.486 195.055 143.971 143.475 131.33
threshold=0.13655209658715245 1.0000000180025095e-35 1.0000000180025095e-35 -0.71883807825239754 -0.74713009814799736 1.0000000180025095e-35 1.0000000180025095e-35 1.0000000180025095e-35 1.0000000180025095e-35 1.0000000180025095e-35 1.0000000180025095e-35 1.1068935118785315 1.0390795729906965 1.080273990019111 1.0935318713454547 -1.2271123025501636 -1.1442524959139393 -1.4469831159870632 -1.2000354598384184 0.6544191473598544 0.61544438779418698 -0.24436403690081568 0.62872804713853325 -0.27186093320527221 0.64117377101421114 -0.24436403690081568 -0.2581083066441569 1.5395584382489742 1.5262323010967183 1.5395584382489742
decision_type=2 2 2 2 2 2 2 2 2 2 2 2 2 2 2 2 2 2 2 2 2 2 2 2 2 2 2 2 2 2
left_child=1 3 5 7 8 11 13 18 17 23 25 19 24 22 20 -10 -9 -3 -1 -2 -7 -11 -4 -6 -8 -5 -12 -14 -15 -13
right_child=2 4 6 10 9 14 12 16 15 21 26 29 27 28 -16 -17 -18 -19 -20 -21 -22 -23 -24 -25 -26 -27 -28 -29 -30 -31
leaf_value=-0.17419459408299862 -0.045026153460841045 -0.10672003589394552 0.035364130067774717 -0.10565080185657064 -0.028031141148515695 0.018349696789492161 0.09846592026331559 -0.10895735584346851 -0.033515419886691759 0.03654408606012282 -0.042613512721614705 0.018797409293944311 0.15970038907855499 0.096236357323637597 0.091056973609194902 0.0032218226625034181 -0.072566650717334452 -0.066709485330542828 -0.13866928204187137 -0.012033692438282187 0.050942272621716869 0.068612908307554218 0.065983581964576321 0.0030554406593477773 0.12909852684488271 -0.074289556399187648 -0.011985676793480685 0.19267417347460725 0.12880883232346776 0.050810122690021199
leaf_weight=5054 5031 2767 4753 4492 4519 4599 4746 5662 4922 4932 4542 4222 4889 4337 6098 4642 4097 6621 4636 4285 4489 3693 4344 3957 3896 3631 3835 1816 1965 1840
leaf_count=5054 5031 2767 4753 4492 4519 4599 4746 5662 4922 4932 4542 4222 4889 4337 6098 4642 4097 6621 4636 4285 4489 3693 4344 3957 3896 3631 3835 1816 1965 1840
internal_value=2.30173e-10 -0.0554049 0.0650671 -0.0951714 -0.015753 0.0249672 0.10493 -0.125326 -0.0468017 0.0186563 -0.0596269 -0.00684339 0.136897 0.07307 0.05718 -0.0156846 -0.0936799 -0.0785021 -0.157198 -0.0298509 0.0344487 0.0502751 0.0499855 -0.0135184 0.112276 -0.0916323 -0.0285921 0.168631 0.106393 0.0285142
internal_weight=133312 72002 61310 35949 36053 30564 30746 19449 18952 17101 16500 15378 15347 15399 15186 9564 9759 9388 9690 9316 9088 8625 9097 8476 8642 8123 8377 6705 6302 6062
internal_count=133312 72002 61310 35949 36053 30564 30746 19449 18952 17101 16500 15378 15347 15399 15186 9564 9759 9388 9690 9316 9088 8625 9097 8476 8642 8123 8377 6705 6302 6062
is_linear=0
shrinkage=0.1


Tree=7
num_leaves=31
num_cat=0
split_feature=0 2 2 0 0 3 3 3 3 3 3 0 0 0 0 0 0 0 0 0 0 0 0 0 0 0 1 0 0 0
split_gain=38952.7 9320.18 7831.99 3068.16 3065.67 2530.78 2478.91 1635.91 1482.98 1435.57 1306.43 1021.91 1003.66 1001.32 989.949 318.367 278.492 249.53 244.649 213.39 195.337 183.037 182.97 179.86 178.664 151.024 131.878 127.833 122.031 120.918
threshold=-0.1354559775113521 1.0000000180025095e-35 1.0000000180025095e-35 0.68173949181017979 0.79178788973911651 1.0000000180025095e-35 1.0000000180025095e-35 1.0000000180025095e-35 1.0000000180025095e-35 1.0000000180025095e-35 1.0000000180025095e-35 -1.0633242101616847 -1.0633242101616847 -1.0349662002280533 -1.0489426857539244 1.1748438481233527 1.0935318713454547 1.2713524307979476 1.3508819860763659 0.34503897799486938 0.31766689137725185 -0.56768495210721237 -0.55373568252715744 -0.58014252681446843 -0.5008840990771678 0.20749508558276522 0.1908162425784348 -1.5020979626235937 -1.5295459605057691 -1.5438104184792234
decision_type=2 2 2 2 2 2 2 2 2 2 2 2 2 2 2 2 2 2 2 2 2 2 2 2 2 2 2 2 2 2
left_child=2 3 5 10 9 14 12 15 17 19 26 29 28 27 -1 -5 -9 -6 -10 -3 -11 -13 -15 -16 -14 -12 -2 -7 -4 -8
right_child=1 4 6 7 8 13 11 16 18 20 25 21 24 22 23 -17 -18 -19 -20 -21 -22 -23 -24 -25 -26 -27 -28 -29 -30 -31
leaf_value=-0.15235752224896748 -0.05932989102062796 0.013095396098289525 -0.10225419466486318 -0.0076457131622944584 0.069698276293985159 -0.11446206846556534 -0.04611853452987498 0.047602152195092597 0.12995516863363621 0.069970765658600609 -0.0066112646813856106 0.013715155590819081 -0.041284646777227575 -0.056875010957984751 -0.11506460177990004 0.027991771639882798 0.081951276205790333 0.10292112265782534 0.16338258803487399 0.043995358526810684 0.09965922240245341 0.042251228199451471 -0.027903879814430651 -0.086222930805052292 -0.012364459303334914 0.021416801801805774 -0.033274831657271096 -0.085084578570776254 -0.072355939897454646 -0.016116731220257599
leaf_weight=6573 4415 4571 1975 4666 4571 2207 1896 3851 5508 4382 3308 4780 5301 4693 4395 5417 6098 4473 3634 4373 4484 4243 4071 4256 3578 4590 3469 4504 4421 4609
leaf_count=6573 4415 4571 1975 4666 4571 2207 1896 3851 5508 4382 3308 4780 5301 4693 4395 5417 6098 4473 3634 4373 4484 4243 4071 4256 3578 4590 3469 4504 4421 4609
internal_value=-2.92073e-11 0.0500249 -0.0584093 0.0139072 0.08596 -0.0941552 -0.0227841 0.0398867 0.11484 0.0564702 -0.0190685 0.00535212 -0.0513864 -0.0656769 -0.123103 0.0115002 0.0686556 0.0861297 0.143243 0.0282033 0.0849858 0.027134 -0.0434175 -0.100875 -0.0296306 0.00967752 -0.0478655 -0.0947457 -0.0815881 -0.0248613
internal_weight=133312 71810 61502 35814 35996 30699 30803 20032 18186 17810 15782 15528 15275 15475 15224 10083 9949 9044 9142 8944 8866 9023 8764 8651 8879 7898 7884 6711 6396 6505
internal_count=133312 71810 61502 35814 35996 30699 30803 20032 18186 17810 15782 15528 15275 15475 15224 10083 9949 9044 9142 8944 8866 9023 8764 8651 8879 7898 7884 6711 6396 6505
is_linear=0
shrinkage=0.1


Tree=8
num_leaves=31
num_cat=0
split_feature=0 2 2 0 0 3 3 3 3 3 3 0 0 0 0 0 0 0 0 0 0 1 0 1 0 1 0 1 0 0
split_gain=31682.1 7460.68 6418.09 2546.65 2526.69 2053.84 2034.99 1285.67 1245.94 1120.3 1096.76 813.106 806.633 786.721 771.257 234.189 226.043 218.953 218.609 159.606 144.455 144.432 142.119 139.592 135.403 130.541 124.458 109.718 109.392 102.68
threshold=0.13655209658715245 1.0000000180025095e-35 1.0000000180025095e-35 -0.73300556417410279 -0.71883807825239754 1.0000000180025095e-35 1.0000000180025095e-35 1.0000000180025095e-35 1.0000000180025095e-35 1.0000000180025095e-35 1.0000000180025095e-35 1.1068935118785315 1.0673999549724995 1.0935318713454547 1.0120705111601314 -1.1442524959139393 -1.2674358271384925 -1.3625755412760026 -1.3479419897304001 0.56120335882398942 0.60265625901781739 0.35671371217684766 0.62872804713853325 -0.026991488631561162 -0.35199527990260837 0.013756924090183297 -0.28474707154389728 -0.095587047514607837 1.5128062009993337 1.5262323010967183
decision_type=2 2 2 2 2 2 2 2 2 2 2 2 2 2 2 2 2 2 2 2 2 2 2 2 2 2 2 2 2 2
left_child=1 4 6 8 7 13 11 18 15 21 26 19 22 20 25 -3 -10 -9 -1 -2 -4 -5 -7 -11 -12 -8 -6 -15 -16 -13
right_child=2 3 5 9 10 12 14 17 16 23 24 29 -14 27 28 -17 -18 -19 -20 -21 -22 -23 -24 -25 -26 -27 -28 -29 -30 -31
leaf_value=-0.14691334874447781 -0.038536524189110861 -0.076383272386278678 0.027879677583312747 -0.021122827363809802 -0.086778697850334499 0.07943013093325145 0.013188470322231678 -0.096041684688808512 -0.028780979641363322 0.028162113425689597 -0.037773905991984748 0.014256664985211182 0.13803391940645626 0.072925205739661089 0.062686301485042589 -0.04444242757839121 0.001831392537526138 -0.064814217131217072 -0.11585568098359983 -0.012176615494296428 0.052918247596031857 0.0057890085199700445 0.10467660872070922 0.05379328911153404 -0.012072135111378023 0.038282954038863504 -0.062018567176995255 0.099620252599817674 0.090008670791908788 0.042092158180789041
leaf_weight=3615 4112 5657 4466 5047 4134 4644 4126 3502 4531 4212 3578 4105 6414 2937 4781 3863 5158 6257 6075 5204 4760 3297 4289 4288 4799 4166 3989 3236 2113 1957
leaf_count=3615 4112 5657 4466 5047 4134 4644 4126 3502 4531 4212 3578 4105 6414 2937 4781 3863 5158 6257 6075 5204 4760 3297 4289 4288 4799 4166 3989 3236 2113 1957
internal_value=2.71924e-11 -0.0449848 0.0528298 -0.0128416 -0.0772211 0.0850886 0.020379 -0.10164 -0.0377293 0.0155405 -0.0484378 -0.0052628 0.110978 0.0592866 0.0463449 -0.0634224 -0.0124843 -0.0760201 -0.127442 -0.0238116 0.0407979 -0.010489 0.0915517 0.0410923 -0.0230499 0.0257962 -0.0746196 0.0869192 0.0710606 0.0232428
internal_weight=133312 72002 61310 36053 35949 30746 30564 19449 19209 16844 16500 15378 15347 15399 15186 9520 9689 9759 9690 9316 9226 8344 8933 8500 8377 8292 8123 6173 6894 6062
internal_count=133312 72002 61310 36053 35949 30746 30564 19449 19209 16844 16500 15378 15347 15399 15186 9520 9689 9759 9690 9316 9226 8344 8933 8500 8377 8292 8123 6173 6894 6062
is_linear=0
shrinkage=0.1


Tree=9
num_leaves=31
num_cat=0
split_feature=0 2 2 0 0 3 3 3 3 3 3 0 0 0 0 0 0 0 0 1 1 1 1 0 1 1 1 1 1 1
split_gain=25758.4 6282.28 4972.81 2184.37 2114.13 1609.37 1588.43 1081.03 1029.63 932.534 900.287 625.624 621.898 621.368 605.624 217.667 210.146 198.464 182.071 155.091 134.134 128.719 127.562 122.257 122.089 119.025 112.28 110.314 109.803 104.243
threshold=-0.17621277219873899 1.0000000180025095e-35 1.0000000180025095e-35 0.69558447879726681 0.7363965729410985 1.0000000180025095e-35 1.0000000180025095e-35 1.0000000180025095e-35 1.0000000180025095e-35 1.0000000180025095e-35 1.0000000180025095e-35 -1.0633242101616847 -1.0349662002280533 -1.0489426857539244 -1.1313028580400204 1.3508819860763659 1.4187955731646051 1.2713524307979476 1.2853502767338321 -0.1621209410477816 -0.47814042682369268 0.17733615895908875 0.62853794643023131 0.23571568079892355 -0.20493038807522576 -0.14876528693839439 -0.62391444833449994 0.47964808650894503 -0.012716722537446152 -0.012716722537446152
decision_type=2 2 2 2 2 2 2 2 2 2 2 2 2 2 2 2 2 2 2 2 2 2 2 2 2 2 2 2 2 2
left_child=2 3 5 10 9 12 14 15 16 22 23 26 28 -8 -4 29 -6 -10 -9 -16 -11 -13 -3 -2 -14 -12 -7 -15 -1 -5
right_child=1 4 6 7 8 11 13 18 17 20 25 21 24 27 19 -17 -18 -19 -20 -21 -22 -23 -24 -25 -26 -27 -28 -29 -30 -31
leaf_value=-0.13634519379792773 -0.052324699545609601 0.012561793253775414 -0.068421634395746167 -0.014476892354244503 0.058502231422669228 -0.097245999419038984 -0.020045606780657615 0.044387351805272035 0.10162023709237007 0.050238730157662517 -0.0060167660451799629 -0.047960308559961889 -0.096021062067980917 0.012323930166375447 -0.041337163945796424 0.029118236576724788 0.090369639682970293 0.13038191569053045 0.071816696296262653 -0.01511185902179667 0.076146523782284523 -0.023408596309495412 0.038294354471943917 -0.028098752718750411 -0.071352145962417637 0.017842277503888785 -0.068973789662660726 0.036096703284373984 -0.11075914485401737 0.011215833175684767
leaf_weight=3317 3889 5971 5776 3135 6550 2067 6628 5507 5218 3095 3848 4721 3601 5483 4130 3658 3025 4441 4317 4967 5640 3899 2844 4486 4530 4579 4384 3031 3393 3182
leaf_count=3317 3889 5971 5776 3135 6550 2067 6628 5507 5218 3095 3848 4721 3601 5483 4130 3658 3025 4441 4317 4967 5640 3899 2844 4486 4530 4579 4384 3031 3393 3182
internal_value=2.15291e-10 0.0397221 -0.0486426 0.0103904 0.0689079 -0.0774986 -0.0198856 0.0328952 0.0918082 0.0438103 -0.0161287 -0.0544807 -0.100873 0.00291368 -0.0430973 0.00970609 0.06857 0.114844 0.0564407 -0.027018 0.0669668 -0.0368551 0.0208639 -0.0393483 -0.0822773 0.00694758 -0.0780326 0.0207871 -0.123407 -0.00153495
internal_weight=133312 73385 59927 36601 36784 29912 30015 19799 19234 17550 16802 15071 14841 15142 14873 9975 9575 9659 9824 9097 8735 8620 8815 8375 8131 8427 6451 8514 6710 6317
internal_count=133312 73385 59927 36601 36784 29912 30015 19799 19234 17550 16802 15071 14841 15142 14873 9975 9575 9659 9824 9097 8735 8620 8815 8375 8131 8427 6451 8514 6710 6317
is_linear=0
shrinkage=0.1


Tree=10
num_leaves=31
num_cat=0
split_feature=0 2 2 0 0 3 3 3 3 3 3 0 0 0 0 0 0 0 0 1 1 1 1 1 1 1 1 1 1 1
split_gain=21029.4 4996.75 4110.91 1825.05 1806.2 1316.38 1311.71 866.185 860.441 740.46 720.043 508.685 489.221 486.848 467.712 177.431 174.891 164.489 162.848 118.73 115.886 113.986 109.109 107.555 107.284 105.046 102.616 99.7619 98.9149 97.3428
threshold=0.17933523898616346 1.0000000180025095e-35 1.0000000180025095e-35 -0.69084601288405256 -0.69084601288405256 1.0000000180025095e-35 1.0000000180025095e-35 1.0000000180025095e-35 1.0000000180025095e-35 1.0000000180025095e-35 1.0000000180025095e-35 1.080273990019111 1.0528635248654099 1.1207373331592569 1.0935318713454547 -1.4879188024431256 -1.4879188024431256 -1.4879188024431256 -1.4326193338329263 -0.12237029926445663 0.31555701786778162 0.1908162425784348 -0.026991488631561162 0.28750424435433314 0.013756924090183297 -0.3409765404152269 -0.081119359117021853 -0.45075212487338007 -0.66557245562019707 -0.51808262880615408
decision_type=2 2 2 2 2 2 2 2 2 2 2 2 2 2 2 2 2 2 2 2 2 2 2 2 2 2 2 2 2 2
left_child=1 4 5 8 7 11 13 18 16 28 21 22 24 19 23 -10 -3 -9 -1 -4 -18 -6 -2 -7 -8 -11 -17 -12 -5 -20
right_child=2 3 6 9 10 14 12 17 15 25 27 -13 -14 -15 -16 26 20 -19 29 -21 -22 -23 -24 -25 -26 -27 -28 -29 -30 -31
leaf_value=-0.1232640801561396 -0.030367641853794109 -0.074882570485216238 0.022674359640461626 -0.023056043406973745 -0.06920086982660488 0.014433457463833513 0.064079540659035497 -0.084783939042697987 -0.032995939626004042 0.021671138999046723 -0.031212353437522513 0.018399192041931516 0.11165687984417733 0.071752707449701067 0.060160220507545728 -0.014294399176328094 -0.054237276523543078 -0.05444748922368934 -0.11111477672879405 0.04554711660797376 -0.029089264618026713 -0.045574576295579372 -0.0078965755900936279 0.036910400193416883 0.086726498954455 0.044342235029076527 0.0089229405167730851 -0.0088019144496849604 0.00055274458383696259 -0.086465876934674724
leaf_weight=2857 4233 2365 4250 2559 4580 4981 4263 2326 2464 3415 3175 6337 6565 5900 6098 3634 4377 7718 2448 4870 3152 3685 4414 3718 4107 5090 3998 5306 5790 4637
leaf_count=2857 4233 2365 4250 2559 4580 4981 4263 2326 2464 3415 3175 6337 6565 5900 6098 3634 4377 7718 2448 4870 3152 3685 4414 3718 4107 5090 3998 5306 5790 4637
internal_value=2.48896e-11 -0.0357872 0.0440787 -0.00976681 -0.061887 0.0177689 0.0702355 -0.082185 -0.030203 0.0144719 -0.0376618 -0.00312373 0.0912209 0.0493689 0.0389257 -0.00966461 -0.0511606 -0.0614728 -0.10311 0.0348882 -0.0437091 -0.0586669 -0.0188969 0.0240402 0.075192 0.0352391 -0.00213207 -0.0171916 -0.00668344 -0.0949825
internal_weight=133312 73576 59736 36844 36732 29781 29955 19986 19990 16854 16746 14984 14935 15020 14797 10096 9894 10044 9942 9120 7529 8265 8647 8699 8370 8505 7632 8481 8349 7085
internal_count=133312 73576 59736 36844 36732 29781 29955 19986 19990 16854 16746 14984 14935 15020 14797 10096 9894 10044 9942 9120 7529 8265 8647 8699 8370 8505 7632 8481 8349 7085
is_linear=0
shrinkage=0.1


Tree=11
num_leaves=31
num_cat=0
split_feature=0 2 2 0 0 3 3 3 3 3 3 0 0 0 0 0 0 0 1 1 1 1 1 0 1 1 1 1 1 1
split_gain=17140.5 4170.59 3206.34 1525.29 1480.83 1046.02 1019.26 730.031 695.596 615.903 584.189 401.183 394.829 392.984 387.815 163.654 157.22 156.861 139.45 105.543 100.877 98.2658 96.7761 96.7378 91.6192 90.7355 89.3061 88.377 86.6516 85.7616
threshold=-0.20355569824042799 1.0000000180025095e-35 1.0000000180025095e-35 0.66822811459745068 0.70881147039294001 1.0000000180025095e-35 1.0000000180025095e-35 1.0000000180025095e-35 1.0000000180025095e-35 1.0000000180025095e-35 1.0000000180025095e-35 -0.98070344874805171 -1.1175783808163546 -1.0633242101616847 -1.1313028580400204 1.4187955731646051 1.5262323010967183 1.4587152213936438 0.12242473691490521 0.34340692341768231 0.013756924090183297 -0.62391444833449994 -0.36805381230554191 0.34503897799486938 0.17733615895908875 0.1908162425784348 -0.47814042682369268 0.34340692341768231 -0.067500793332145356 0.60231622696766185
decision_type=2 2 2 2 2 2 2 2 2 2 2 2 2 2 2 2 2 2 2 2 2 2 2 2 2 2 2 2 2 2
left_child=2 3 5 10 9 13 14 15 16 23 25 21 -8 -1 28 29 22 20 -9 -16 -10 -7 -6 -3 -13 -2 -11 -15 -4 -5
right_child=1 4 6 7 8 11 12 18 17 26 -12 24 -14 27 19 -17 -18 -19 -20 -21 -22 -23 -24 -25 -26 -27 -28 -29 -30 -31
leaf_value=-0.10121441347655513 -0.041988300547271866 0.0071495125249005226 -0.068911547535436102 -0.0078250478439436926 0.035545326633400362 -0.07881992320314897 -0.018467217387735029 0.034768248583648007 0.073764633612472971 0.039567033218338418 0.0045216287252705231 -0.038932425250123928 0.014744465392185591 -0.076664799227311897 -0.031542943787974884 0.027507614984441327 0.080691042080725695 0.11389214461624518 0.05835813320528082 -0.0092079297685522324 0.097245838010421123 -0.053841603451491762 0.058177622600902014 0.028431486679023499 -0.016868556564251385 -0.021074528130239075 0.060751410461069626 -0.05541785668441998 -0.044374446578440356 0.015508085221342054
leaf_weight=6422 4693 5258 2722 4916 3163 2317 5986 5401 3694 3080 8416 4154 8904 4876 5283 2977 1965 2624 4675 3529 3625 4918 4692 3597 3441 3718 5623 3271 3054 2318
leaf_count=6422 4693 5258 2722 4916 3163 2317 5986 5401 3694 3080 8416 4154 8904 4876 5283 2977 1965 2624 4675 3529 3625 4918 4692 3597 3441 3718 5623 3271 3054 2318
internal_value=1.61584e-10 0.0318905 -0.0403174 0.00815394 0.0554954 -0.0636851 -0.0170124 0.0266169 0.0742708 0.0343622 -0.0141054 -0.0449891 0.00139288 -0.0827159 -0.0357988 0.00777299 0.0553928 0.0929152 0.0457133 -0.0225983 0.0853946 -0.0618409 0.0490642 0.0157945 -0.0289361 -0.0327436 0.0532542 -0.0681342 -0.0559378 -0.000348382
internal_weight=133312 74435 58877 37114 37321 29399 29478 20287 19763 17558 16827 14830 14890 14569 14588 10211 9820 9943 10076 8812 7319 7235 7855 8855 7595 8411 8703 8147 5776 7234
internal_count=133312 74435 58877 37114 37321 29399 29478 20287 19763 17558 16827 14830 14890 14569 14588 10211 9820 9943 10076 8812 7319 7235 7855 8855 7595 8411 8703 8147 5776 7234
is_linear=0
shrinkage=0.1


Tree=12
num_leaves=31
num_cat=0
split_feature=0 2 2 0 0 3 3 3 3 3 3 0 0 0 0 0 0 0 0 1 1 1 1 1 1 1 1 1 1 1
split_gain=13960.4 3337.25 2639.17 1289.27 1244.11 860.837 849.045 583.865 570.63 484.39 466.613 324.367 321.488 311.308 309.94 133.408 132.428 123.207 121.985 92.8138 92.3302 90.3132 86.0192 85.6652 82.9849 82.2266 80.6816 80.5427 80.4461 80.3344
threshold=0.20749508558276522 1.0000000180025095e-35 1.0000000180025095e-35 -0.64804592430692021 -0.69084601288405256 1.0000000180025095e-35 1.0000000180025095e-35 1.0000000180025095e-35 1.0000000180025095e-35 1.0000000180025095e-35 1.0000000180025095e-35 1.1068935118785315 1.1748438481233527 1.0935318713454547 1.1207373331592569 -1.5295459605057691 -1.5020979626235937 -1.5155291986113173 -1.5020979626235937 0.47964808650894503 -0.067500793332145356 -0.12237029926445663 -0.47814042682369268 -0.5841632747729022 -0.62391444833449994 0.027536199326010976 0.35671371217684766 0.38402126637551925 -0.053551980127119529 0.6691315544946318
decision_type=2 2 2 2 2 2 2 2 2 2 2 2 2 2 2 2 2 2 2 2 2 2 2 2 2 2 2 2 2 2
left_child=1 4 6 7 8 12 11 15 18 28 26 -2 20 -8 23 -3 -9 -10 -1 -18 -4 -17 -20 -7 -19 -12 -5 -15 -6 -11
right_child=2 3 5 10 9 14 13 16 17 29 25 -13 -14 27 -16 21 19 24 22 -21 -22 -23 -24 -25 -26 -27 -28 -29 -30 -31
leaf_value=-0.10459146443648891 -0.014125231981189089 -0.06444977014186451 0.019140933716512112 -0.011706083394851054 -0.057122682693965803 0.048891933984953284 0.019927138120773551 -0.028727485584111302 -0.071751904503063915 -0.020033326795058173 0.020138330233716025 0.01603572644278646 0.060026338069974011 0.04046116720800616 0.092556829819538153 -0.046948827850282607 -0.0096089319086367572 -0.05931033170812771 -0.092008778186277548 0.012557412670298957 0.039010093089312567 -0.026028915606077757 -0.070033532834078399 0.069860662735893919 -0.037415246848286926 0.039964141345358251 0.0085993176794589184 0.064064176546203486 -0.037692113143186823 0.00077906116981910794
leaf_weight=2206 8659 1975 4537 4981 4161 2917 8441 2308 2076 6068 4280 6062 5397 3742 5883 3784 5233 2542 2781 2956 4827 4539 4955 5867 5426 4092 3223 2356 4367 2671
leaf_count=2206 8659 1975 4537 4981 4161 2917 8441 2308 2076 6068 4280 6062 5397 3742 5883 3784 5233 2542 2781 2956 4827 4539 4955 5867 5426 4092 3223 2356 4367 2671
internal_value=5.8126e-11 -0.0286979 0.0364905 -0.00758401 -0.0498787 0.0576359 0.0152237 -0.0241671 -0.0668648 -0.0302178 0.0132199 -0.00170517 0.0405871 0.0323644 0.0747939 -0.0410845 -0.00757044 -0.0500537 -0.0838485 -0.0016075 0.0293832 -0.03554 -0.0779334 0.0628973 -0.0444004 0.0298286 -0.00372896 0.0495803 -0.0471727 -0.0136722
internal_weight=133312 74624 58688 37371 37253 29428 29260 20795 19986 17267 16576 14721 14761 14539 14667 10298 10497 10044 9942 8189 9364 8323 7736 8784 7968 8372 8204 6098 8528 8739
internal_count=133312 74624 58688 37371 37253 29428 29260 20795 19986 17267 16576 14721 14761 14539 14667 10298 10497 10044 9942 8189 9364 8323 7736 8784 7968 8372 8204 6098 8528 8739
is_linear=0
shrinkage=0.1


Tree=13
num_leaves=31
num_cat=0
split_feature=0 2 2 0 0 3 3 3 3 3 3 0 0 0 0 0 0 0 0 1 1 1 1 1 1 1 1 1 1 1
split_gain=11426.1 2786.79 2045.94 1078.08 1061.02 668.618 655.039 513.364 490.32 388.329 371.739 252.215 249.887 242.727 241.137 127.66 123.693 123.649 123.195 94.1393 87.0742 85.0785 77.5128 75.7349 75.5582 74.1988 70.5875 70.0348 68.8568 66.8964
threshold=-0.24436403690081568 1.0000000180025095e-35 1.0000000180025095e-35 0.61544438779418698 0.64117377101421114 1.0000000180025095e-35 1.0000000180025095e-35 1.0000000180025095e-35 1.0000000180025095e-35 1.0000000180025095e-35 1.0000000180025095e-35 -1.0906436271431159 -1.1722337314791331 -1.0072258850220777 -1.0633242101616847 1.5262323010967183 1.3777007283369886 1.5395584382489742 1.5128062009993337 -0.12237029926445663 1.0000000180025095e-35 0.053912501517069784 -0.46356666637471267 -0.1621209410477816 -0.42343438325579047 0.62853794643023131 0.64234731457303895 -0.039532800932977653 -0.47814042682369268 0.54682020174691137
decision_type=2 2 2 2 2 2 2 2 2 2 2 2 2 2 2 2 2 2 2 2 2 2 2 2 2 2 2 2 2 2
left_child=2 3 5 10 9 14 13 15 16 25 28 26 -8 23 27 20 -6 19 21 -10 -5 -9 -12 -4 -14 -3 -7 -1 -2 -11
right_child=1 4 6 7 8 11 12 18 17 29 22 -13 24 -15 -16 -17 -18 -19 -20 -21 -22 -23 -24 -25 -26 -27 -28 -29 -30 -31
leaf_value=-0.093092930454383216 -0.040079954574751935 0.0045522200835635407 -0.055305731619289089 -0.0093955412317185405 0.036639544176625821 -0.060187872887307259 -0.016787622270973409 0.021549650613983735 0.058612834154690055 0.034740355428059061 -0.01067646284412006 -0.026046936010227652 -0.0013470631713538063 -0.017339917722224919 -0.056190512309477303 0.028776866537432073 0.059812818823689995 0.098416329695807769 0.058294976500431112 0.079372048842153597 0.010496733853562597 0.041596685192302973 0.0093792717661271494 -0.034235887056820735 0.017481535989092953 0.024436861762858086 -0.037421206191180521 -0.072200614399834814 -0.021082982750211698 0.053498184269639128
leaf_weight=3131 2996 5818 3049 4406 7085 4167 5457 4350 4071 5546 3048 8257 3442 7255 7760 1957 3413 1816 2113 4714 4396 4124 5240 3873 5597 2770 2023 3291 5254 2893
leaf_count=3131 2996 5818 3049 4406 7085 4167 5457 4350 4071 5546 3048 8257 3442 7255 7760 1957 3413 1816 2113 4714 4396 4124 5240 3873 5597 2770 2023 3291 5254 2893
internal_value=4.33901e-11 0.0254194 -0.0337183 0.0062106 0.0445062 -0.0526285 -0.0148372 0.021059 0.0594923 0.0259362 -0.0129547 -0.0374871 0.000110204 -0.0301209 -0.0680528 0.00567555 0.0441734 0.0746625 0.0366925 0.0697522 0.000539296 0.0313058 0.00200356 -0.0435167 0.0103117 0.0109659 -0.0527473 -0.0823865 -0.0279818 0.0411708
internal_weight=133312 76010 57302 37884 38126 28629 28673 21346 21099 17027 16538 14447 14496 14177 14182 10759 10498 10601 10587 8785 8802 8474 8288 6922 9039 8588 6190 6422 8250 8439
internal_count=133312 76010 57302 37884 38126 28629 28673 21346 21099 17027 16538 14447 14496 14177 14182 10759 10498 10601 10587 8785 8802 8474 8288 6922 9039 8588 6190 6422 8250 8439
is_linear=0
shrinkage=0.1


Tree=14
num_leaves=31
num_cat=0
split_feature=0 2 2 0 0 3 3 3 3 3 3 0 0 0 0 1 1 1 1 1 1 0 0 1 1 1 1 1 1 1
split_gain=9293.33 2038.58 1875.14 741.776 733.371 603.801 590.144 361.169 340.709 302.695 297.564 275.904 268.063 265.552 256.673 82.8302 82.2993 79.6671 79.6361 79.1234 77.9079 76.9906 75.4762 74.842 71.7356 68.5672 68.4162 66.2606 65.6864 64.0443
threshold=0.096985708224171477 1.0000000180025095e-35 1.0000000180025095e-35 -0.85581921633694413 -0.89691327455437053 1.0000000180025095e-35 1.0000000180025095e-35 1.0000000180025095e-35 1.0000000180025095e-35 1.0000000180025095e-35 1.0000000180025095e-35 0.9438659511362949 0.97119495348589113 0.98454549284522419 1.0390795729906965 -0.36805381230554191 0.013756924090183297 0.39752950442367924 -0.067500793332145356 -0.88349531185929353 -0.72084887649706297 -1.5841043117019982 -0.43286894460058956 -0.19058957770353877 -0.012716722537446152 -0.62391444833449994 0.60231622696766185 0.54682020174691137 -0.25993488899874401 0.42514286262336404
decision_type=2 2 2 2 2 2 2 2 2 2 2 2 2 2 2 2 2 2 2 2 2 2 2 2 2 2 2 2 2 2
left_child=1 4 6 9 10 12 11 22 20 21 24 26 28 29 -7 -11 -14 -9 -13 -15 -5 -3 -6 -16 -1 -12 -2 -10 -4 -8
right_child=2 3 5 8 7 14 13 17 27 15 25 18 16 19 23 -17 -18 -19 -20 -21 -22 -23 -24 -25 -26 -27 -28 -29 -30 -31
leaf_value=-0.080966185028709545 -0.022127728172063061 -0.057633672461322588 0.0091258382893445594 -0.022286571387507594 -0.052204817190260183 0.048013950920569107 0.0055069291761747534 -0.022288159534485624 0.013277781615814201 -0.022099829244430887 -0.057668723094003706 -0.00010904369103246689 0.03495689175042787 0.020075568470062186 0.06199930203563575 -0.0018425947164514356 0.056178414609420406 -0.0036070612493303042 0.020329704904416053 0.04458602118515298 -0.0019249129031239369 -0.032246381181392655 -0.034276101419872189 0.083266184015606259 -0.06202954197309072 -0.037878199503680536 -0.0023863902212982583 0.031059407115226135 0.02688946675589492 0.023411986417959517
leaf_weight=3953 5544 1444 3647 2653 4410 9038 5187 5981 6153 3325 2567 3638 3720 1742 2973 5137 3592 3692 4005 5399 6442 6915 5022 3732 4050 5505 2569 3178 4850 3249
leaf_count=3953 5544 1444 3647 2653 4410 9038 5187 5981 6153 3325 2567 3638 3720 1742 2973 5137 3592 3692 4005 5399 6442 6915 5022 3732 4050 5505 2569 3178 4850 3249
internal_value=1.03552e-11 -0.0249491 0.0279413 -0.00795176 -0.0419788 0.0451493 0.010613 -0.0287349 0.00590896 -0.023135 -0.0577191 -0.00303269 0.0313447 0.0244156 0.0590118 -0.00980233 0.0453819 -0.0151579 0.010601 0.0386069 -0.00786438 -0.036632 -0.0426588 0.0738364 -0.0713831 -0.0441718 -0.0158766 0.0193339 0.0192651 0.0124028
internal_weight=133312 70427 62885 35247 35180 31552 31333 19105 18426 16821 16075 15756 15809 15577 15743 8462 7312 9673 7643 7141 9095 8359 9432 6705 8003 8072 8113 9331 8497 8436
internal_count=133312 70427 62885 35247 35180 31552 31333 19105 18426 16821 16075 15756 15809 15577 15743 8462 7312 9673 7643 7141 9095 8359 9432 6705 8003 8072 8113 9331 8497 8436
is_linear=0
shrinkage=0.1


Tree=15
num_leaves=31
num_cat=0
split_feature=0 2 2 0 0 3 3 3 3 3 3 0 0 0 0 0 0 0 0 1 1 1 1 1 1 1 1 1 1 1
split_gain=7605.94 1879.9 1290.81 782.464 761.059 415.006 410.027 367.354 327.48 267.842 237.977 154.63 153.808 152.463 146.744 109.551 100.607 98.3914 94.2002 76.2097 70.3101 67.9397 67.1492 62.3666 57.3821 57.1891 56.5632 55.6387 55.2067 54.6954
threshold=-0.29923375264560831 1.0000000180025095e-35 1.0000000180025095e-35 0.5198730197905802 0.62872804713853325 1.0000000180025095e-35 1.0000000180025095e-35 1.0000000180025095e-35 1.0000000180025095e-35 1.0000000180025095e-35 1.0000000180025095e-35 -1.1582719766168734 -1.1722337314791331 -1.2809496696473774 -1.1442524959139393 1.2993605590551378 1.5128062009993337 1.5262323010967183 1.5940659747050052 0.094697854201477402 0.58820899522255876 -0.7602471840274786 -0.82836170762880357 0.47964808650894503 -0.63747942393191692 -0.10830238964571443 0.81886648992186473 0.54682020174691137 0.60231622696766185 0.5601946579551208
decision_type=2 2 2 2 2 2 2 2 2 2 2 2 2 2 2 2 2 2 2 2 2 2 2 2 2 2 2 2 2 2
left_child=2 3 6 10 9 14 11 15 17 29 -2 -1 -7 -8 28 26 21 20 19 -10 -6 -9 -13 -15 -12 -16 -5 -11 -4 -3
right_child=1 4 5 7 8 12 13 16 18 27 24 22 -14 23 25 -17 -18 -19 -20 -21 -22 -23 -24 -25 -26 -27 -28 -29 -30 -31
leaf_value=-0.069049772510645674 -0.025102264956260702 0.0024951766157099661 -0.044962005892107949 -0.0086050484502490157 0.025045470404304267 -0.01412351771146176 -0.047181733426535095 0.010705139816715267 0.048667217755288414 0.026921904077563848 -0.01296906092817182 -0.062738059447492917 0.0073819859779780343 -0.030613990872460108 -0.025830381910903123 0.016662618146445242 0.048594988255383727 0.056069916613084803 0.086065877490555623 0.066683371252689513 0.044260601437877925 0.029709840040056015 -0.042052323219660195 -0.013785397666351944 0.0052982618526138184 -0.0088771686386368755 0.011305688661236379 0.043635838474779115 -0.024120010260117414 0.018972218959172563
leaf_weight=5456 7799 5912 3729 5588 5860 5457 4326 2602 4973 5838 2520 2109 8515 6117 3740 4191 2113 1965 1282 4448 2821 6789 6132 3441 5414 4252 1916 3023 1928 3056
leaf_count=5456 7799 5912 3729 5588 5860 5457 4326 2602 4973 5838 2520 2109 8515 6117 3740 4191 2113 1965 1282 4448 2821 6789 6132 3441 5414 4252 1916 3023 1928 3056
internal_value=3.35593e-11 0.0200801 -0.028413 0.00451752 0.035545 -0.0131325 -0.0437158 0.0161923 0.0482818 0.0202934 -0.0126975 -0.0559915 -0.00101735 -0.0316054 -0.0255343 0.00371182 0.02888 0.0358635 0.060634 0.0571733 0.0312897 0.0244441 -0.0473461 -0.0245555 -0.000503812 -0.0168107 -0.00352123 0.032624 -0.0378587 0.00811001
internal_weight=133312 78110 55202 38932 39178 27621 27581 23199 21349 17829 15733 13697 13972 13884 13649 11695 11504 10646 10703 9421 8681 9391 8241 9558 7934 7992 7504 8861 5657 8968
internal_count=133312 78110 55202 38932 39178 27621 27581 23199 21349 17829 15733 13697 13972 13884 13649 11695 11504 10646 10703 9421 8681 9391 8241 9558 7934 7992 7504 8861 5657 8968
is_linear=0
shrinkage=0.1


Tree=16
num_leaves=31
num_cat=0
split_feature=0 2 2 0 0 3 3 3 3 3 3 0 0 0 0 1 0 0 1 0 1 1 1 1 1 1 1 0 1 1
split_gain=6222.49 1461.64 1113.2 625.371 608.119 360.408 356.909 270.882 266.484 199.036 192.824 142.174 140.305 139.144 137.531 89.5284 85.0643 81.5187 80.291 68.1475 61.7774 56.3854 56.0511 54.7731 54.6899 54.4235 53.8759 52.96 51.6065 48.9337
threshold=0.249236792683561 1.0000000180025095e-35 1.0000000180025095e-35 -0.56768495210721237 -0.58014252681446843 1.0000000180025095e-35 1.0000000180025095e-35 1.0000000180025095e-35 1.0000000180025095e-35 1.0000000180025095e-35 1.0000000180025095e-35 1.1610859643364637 1.2435820064612322 1.2713524307979476 1.2171728525832788 0.5601946579551208 -1.5295459605057691 -1.5295459605057691 -0.72084887649706297 -1.571392284743508 -0.91179159445153835 -0.65122107733173962 -0.7602471840274786 -0.012716722537446152 -0.45075212487338007 -0.86892668060500788 -0.62391444833449994 -1.3325181519180707 -0.36805381230554191 -0.63747942393191692
decision_type=2 2 2 2 2 2 2 2 2 2 2 2 2 2 2 2 2 2 2 2 2 2 2 2 2 2 2 2 2 2
left_child=1 4 6 7 8 12 11 18 16 24 -5 25 21 23 22 19 -1 -10 -3 -9 -18 -4 -7 -8 -6 -2 -19 -20 -13 -11
right_child=2 3 5 10 9 14 13 15 17 29 -12 28 -14 -15 -16 -17 20 26 27 -21 -22 -23 -24 -25 -26 -27 -28 -29 -30 -31
leaf_value=-0.073263698592378232 -0.021465071671965808 -0.040103376036853683 0.0095526359632268146 -0.00079763815548415738 -0.039798817847071094 0.030426102778203335 0.0078700243087194196 -0.034284630507306006 -0.051033117874510141 -0.018008768613399045 0.021270127119047161 0.0002912358622832848 0.041775902346694184 0.036886807103114115 0.063567976830211897 0.0077380859408049327 -0.065385459748056471 -0.039716315039855489 -0.032595087288436971 -0.007182014141788479 -0.04573439037748453 0.025987092190384059 0.047765635903676024 0.02289138027130639 -0.022566989334003022 -0.0034506705003308374 -0.023266686406837826 -0.015326848288157367 0.020083976361675616 -0.0012629069297625457
leaf_weight=1959 2256 3214 3063 7861 2929 2579 4768 1085 1942 2562 7978 2157 4739 4440 4967 3799 2080 2916 2723 6401 6929 6556 6727 4945 4962 6535 6277 5107 3384 5472
leaf_count=1959 2256 3214 3063 7861 2929 2579 4768 1085 1942 2562 7978 2157 4739 4440 4967 3799 2080 2916 2723 6401 6929 6556 6727 4945 4962 6535 6277 5107 3384 5472
internal_value=6.88394e-11 -0.0187051 0.0249537 -0.00488037 -0.0325807 0.0388788 0.0109572 -0.0156611 -0.0433146 -0.0176827 0.0103177 -0.000166269 0.0276924 0.0222214 0.0501318 -0.00476508 -0.0543781 -0.0324171 -0.0267949 -0.0111102 -0.0502714 0.0207538 0.0429603 0.0155176 -0.0289631 -0.00807364 -0.0284845 -0.0213321 0.0123791 -0.00660307
internal_weight=133312 76196 57116 38168 38028 28631 28485 22329 22103 15925 15839 14332 14358 14153 14273 11285 10968 11135 11044 7486 9009 9619 9306 9713 7891 8791 9193 7830 5541 8034
internal_count=133312 76196 57116 38168 38028 28631 28485 22329 22103 15925 15839 14332 14358 14153 14273 11285 10968 11135 11044 7486 9009 9619 9306 9713 7891 8791 9193 7830 5541 8034
is_linear=0
shrinkage=0.1


Tree=17
num_leaves=31
num_cat=0
split_feature=0 2 2 0 0 3 3 3 3 3 3 0 0 0 0 0 0 0 0 1 1 1 1 1 1 1 1 1 1 1
split_gain=5065.95 1225.5 857.944 549.228 535.504 279.852 278.998 224.208 219.415 168.768 162.947 103.65 100.968 99.5145 98.166 77.3334 71.9628 71.0011 68.9511 60.3111 59.8015 56.5451 53.783 51.6093 50.8359 48.3914 48.1561 47.755 47.25 46.933
threshold=0.31766689137725185 1.0000000180025095e-35 1.0000000180025095e-35 -0.56768495210721237 -0.54045623161434586 1.0000000180025095e-35 1.0000000180025095e-35 1.0000000180025095e-35 1.0000000180025095e-35 1.0000000180025095e-35 1.0000000180025095e-35 1.4587152213936438 1.3777007283369886 1.2435820064612322 1.3256656802583338 -1.5438104184792234 -1.5020979626235937 -1.5295459605057691 -1.4732671313189605 0.81886648992186473 -0.73434745082766406 -0.74737889880155994 0.60231622696766185 0.88682938015390989 0.35671371217684766 0.13588097996985646 0.35671371217684766 -0.12237029926445663 -0.28666408223279427 0.80486473558658844
decision_type=2 2 2 2 2 2 2 2 2 2 2 2 2 2 2 2 2 2 2 2 2 2 2 2 2 2 2 2 2 2
left_child=1 4 5 8 7 11 13 16 17 28 24 19 21 29 26 -10 -1 -3 -9 -2 -17 -8 -18 -19 -6 -15 -7 -11 -5 -4
right_child=2 3 6 9 10 14 12 18 15 27 -12 -13 -14 25 -16 20 22 23 -20 -21 -22 -23 -24 -25 -26 -27 -28 -29 -30 -31
leaf_value=-0.064765294436414045 -0.0077544252052275907 -0.041297089609024236 0.015326262323979212 -0.0090685758565021493 -0.031466793089246589 0.0097163236016654213 0.029426770261186886 -0.043593539207776977 -0.02270999788688656 0.011599673357157177 -0.0050824454370731378 0.018843915639429387 0.061034940685105558 0.028223847696213139 0.034325169738663223 -0.013325609765403812 -0.049912843975488175 -0.024705659335777442 -0.024728531003387247 0.0090909788327196862 0.0044242104522290914 0.04585096401153034 -0.033500603668141851 -0.007237105345539935 -0.015344868708687454 0.048490994699718584 0.02419789721369231 0.026515968358872155 0.0060326000923255482 0.031702868876244426
leaf_weight=2206 8241 1975 6580 3561 4869 5666 2942 2464 1896 4020 8309 2579 3393 2547 3956 2641 6223 6820 9066 2864 6748 7291 2940 2249 3269 2192 3861 4605 4955 2384
leaf_count=2206 8241 1975 6580 3561 4869 5666 2942 2464 1896 4020 8309 2579 3393 2547 3956 2641 6223 6820 9066 2864 6748 7291 2940 2249 3269 2192 3861 4605 4955 2384
internal_value=3.68631e-11 -0.0162095 0.0234434 -0.00375962 -0.0286987 0.0108588 0.0359534 -0.0385857 -0.014095 0.00970393 -0.0149331 0.000784186 0.0460858 0.0258779 0.0210837 -0.00428857 -0.0485506 -0.0241154 -0.02876 -0.00340996 -0.000568576 0.041129 -0.0446469 -0.0203737 -0.0249907 0.0375983 0.0155853 0.0195637 -0.000282018 0.0196817
internal_weight=133312 78816 54496 39470 39346 27167 27329 22899 22329 17141 16447 13684 13626 13703 13483 11285 11369 11044 11530 11105 9389 10233 9163 9069 8138 4739 9527 8625 8516 8964
internal_count=133312 78816 54496 39470 39346 27167 27329 22899 22329 17141 16447 13684 13626 13703 13483 11285 11369 11044 11530 11105 9389 10233 9163 9069 8138 4739 9527 8625 8516 8964
is_linear=0
shrinkage=0.1


Tree=18
num_leaves=31
num_cat=0
split_feature=0 2 2 0 0 3 3 3 3 3 3 0 0 0 0 1 1 1 1 1 1 1 1 1 1 1 1 0 0 0
split_gain=4140.46 1028.4 657.424 475.428 465.889 212.166 207.342 191.409 179.309 148.775 133.482 84.2802 82.9841 80.5388 80.0475 61.5316 61.3883 58.3663 57.8491 51.2896 50.6687 50.2414 49.8031 48.2271 47.0314 45.9773 44.8149 44.2363 42.9649 37.1924
threshold=-0.35199527990260837 1.0000000180025095e-35 1.0000000180025095e-35 0.76449877996373194 0.8761331149580297 1.0000000180025095e-35 1.0000000180025095e-35 1.0000000180025095e-35 1.0000000180025095e-35 1.0000000180025095e-35 1.0000000180025095e-35 -1.3066071906808669 -1.2402300950516318 -1.1442524959139393 -1.3479419897304001 -0.88349531185929353 -0.067500793332145356 0.094697854201477402 -0.54469342142118038 0.42514286262336404 0.72450907504805118 0.50741869166641418 1.0367401902321671 -0.77351550701973559 0.57417055469678691 0.61537771934456564 0.71123222601137459 1.5395584382489742 1.5940659747050052 1.5795329942026839
decision_type=2 2 2 2 2 2 2 2 2 2 2 2 2 2 2 2 2 2 2 2 2 2 2 2 2 2 2 2 2 2
left_child=2 3 6 8 7 14 12 20 21 16 18 -7 -1 26 -4 -11 -5 -12 -6 -10 -3 -2 -13 -9 -16 -14 -8 -18 -17 -20
right_child=1 4 5 9 10 11 13 23 19 15 17 22 25 -15 24 28 27 -19 29 -21 -22 -23 -24 -25 -26 -27 -28 -29 -30 -31
leaf_value=-0.052402861555558192 -0.021341546720923945 0.0034726476887882102 -0.032030295726402133 -0.0026141918387169601 0.017939705935454738 -0.013534115709517814 -0.038969491210576412 0.015257743964658732 -0.0034327977977329574 0.0093066517207508088 0.039522219019616486 -7.9121793566517488e-05 -0.04082911755549741 -0.017329075463123494 -0.019675938287088066 0.025166140924642678 0.008791542929972326 0.056303335365786869 0.031707557504307551 0.01076199979168057 0.017858904242532961 -0.0069915344173118836 0.018212954150805261 0.029592516748227049 -0.004682881651025146 -0.025055687901232488 -0.019677534667353742 0.032519685688103608 0.047474284263184792 0.053443925948394658
leaf_weight=4668 6942 8419 3708 4471 2848 4163 3925 3237 6695 2227 4403 7419 5814 7675 6286 5946 3837 3916 4458 4107 3452 3762 1862 8536 3136 2709 1737 988 1010 956
leaf_count=4668 6942 8419 3708 4471 2848 4163 3925 3237 6695 2227 4403 7419 5814 7675 6286 5946 3837 3916 4458 4107 3452 3762 1862 8536 3136 2709 1737 988 1010 956
internal_value=1.43558e-11 0.0143394 -0.0216595 0.00298235 0.0256287 -0.0105424 -0.0327959 0.0166163 -0.00712537 0.0147458 0.03848 -0.00171207 -0.0416855 -0.0240036 -0.0195839 0.0237736 0.00582773 0.0474216 0.0294768 0.00196417 0.00765607 -0.0162981 0.00359072 0.0256512 -0.0146857 -0.0358156 -0.0330511 0.0136503 0.0284052 0.0355457
internal_weight=133312 80210 53102 39985 40225 26574 26528 23644 21506 18479 16581 13444 13191 13337 13130 9183 9296 8319 8262 10802 11871 10704 9281 11773 9422 8523 5662 4825 6956 5414
internal_count=133312 80210 53102 39985 40225 26574 26528 23644 21506 18479 16581 13444 13191 13337 13130 9183 9296 8319 8262 10802 11871 10704 9281 11773 9422 8523 5662 4825 6956 5414
is_linear=0
shrinkage=0.1


Tree=19
num_leaves=31
num_cat=0
split_feature=0 2 2 0 0 3 3 3 3 3 1 0 0 3 1 0 1 1 0 1 1 1 1 1 0 1 1 1 0 1
split_gain=3408.13 811.023 556.164 378.101 367.414 180.112 177.437 165.874 136.721 118.467 97.2767 72.6963 69.7848 68.9551 67.9872 64.4433 52.4467 52.3448 51.2845 50.7161 49.575 49.3965 47.957 46.7809 38.2795 38.2383 34.1841 33.9489 31.1135 30.2231
threshold=0.34503897799486938 1.0000000180025095e-35 1.0000000180025095e-35 -0.96651626700653914 -0.78791033983245418 1.0000000180025095e-35 1.0000000180025095e-35 1.0000000180025095e-35 1.0000000180025095e-35 1.0000000180025095e-35 -0.74737889880155994 1.4983336419829485 1.2574761408619162 1.0000000180025095e-35 -0.54469342142118038 1.3915677477685855 -0.82836170762880357 -0.77351550701973559 1.337431268398986 -0.66557245562019707 0.96965577235158074 -0.40935508836031004 1.0500971382719435 0.50741869166641418 -0.41927081224343316 -0.7602471840274786 -0.5841632747729022 -0.81466223153096939 -0.5008840990771678 0.50741869166641418
decision_type=2 2 2 2 2 2 2 2 2 2 2 2 2 2 2 2 2 2 2 2 2 2 2 2 2 2 2 2 2 2
left_child=1 4 5 10 9 12 14 17 16 21 -3 22 26 -12 -4 25 -6 -5 -16 -10 24 -1 -8 -11 -9 -7 -2 -14 -19 -17
right_child=2 3 6 7 8 15 11 20 19 23 13 -13 27 -15 18 29 -18 28 -20 -21 -22 -23 -24 -25 -26 -27 -28 -29 -30 -31
leaf_value=-0.051261711039364138 -0.012725429173811873 -0.028811684689801411 0.011802005055220431 -0.014260630695963838 -0.034388987727437835 0.0035242070707327462 0.031352045057802355 0.001795075056215808 -0.016733214879931135 -0.031008070320330872 -0.018830868592777886 0.054327248872478778 -0.0030275360225641636 -0.0027053527037488763 0.021866906659346676 0.022641603239705405 -0.018349220401209166 -0.0078030162695616623 0.038694659701476529 -0.0020391862774906872 0.024045980543297818 -0.036021496868641228 0.04795483973666672 -0.016063688958967984 0.014402901548967052 0.017404897471660345 0.00041267553902624556 0.016401801813058507 0.0044786810839188623 0.042674079436161388
leaf_weight=3423 2994 4114 4642 3444 2736 2742 8994 4164 3398 5815 5257 2234 1230 5351 6220 2137 7997 3160 2555 7608 2856 5616 2157 3274 5711 7185 5850 3345 5940 1163
leaf_count=3423 2994 4114 4642 3444 2736 2742 8994 4164 3398 5815 5257 2234 1230 5351 6220 2137 7997 3160 2555 7608 2856 5616 2157 3274 5711 7185 5850 3345 5940 1163
internal_value=4.20848e-11 -0.0130802 0.0195449 -0.00301933 -0.0231738 0.00931423 0.029716 0.00440108 -0.0144073 -0.0336866 -0.0157588 0.0378622 0.00115168 -0.0106967 0.0215892 0.0175953 -0.022438 -0.00376019 0.0267666 -0.00657583 0.0124425 -0.0417928 0.0345636 -0.0256249 0.00908655 0.0135708 -0.00403503 0.0111782 0.000213828 0.0297015
internal_weight=133312 79864 53448 39997 39867 26646 26802 25275 21739 18128 14722 13385 13419 10608 13417 13227 10733 12544 8775 11006 12731 9039 11151 9089 9875 9927 8844 4575 9100 3300
internal_count=133312 79864 53448 39997 39867 26646 26802 25275 21739 18128 14722 13385 13419 10608 13417 13227 10733 12544 8775 11006 12731 9039 11151 9089 9875 9927 8844 4575 9100 3300
is_linear=0
shrinkage=0.1


Tree=20
num_leaves=31
num_cat=0
split_feature=0 2 2 0 0 0 0 3 3 3 3 3 3 1 3 0 1 1 1 1 3 1 1 1 1 1 1 1 1 1
split_gain=2788.52 596.1 510.57 235.628 230.689 181.214 174.088 104.022 103.482 99.4113 92.3004 84.5106 83.5349 81.268 66.0297 52.2226 46.1054 40.419 38.1875 38.1362 37.0023 36.2728 35.5977 34.1474 34.0045 33.9888 33.1032 32.8979 32.0615 31.9288
threshold=-0.095035025011855151 1.0000000180025095e-35 1.0000000180025095e-35 0.93004767944978317 0.90311473590117242 -1.0633242101616847 -0.99353267119825994 1.0000000180025095e-35 1.0000000180025095e-35 1.0000000180025095e-35 1.0000000180025095e-35 1.0000000180025095e-35 1.0000000180025095e-35 0.60231622696766185 1.0000000180025095e-35 -1.5841043117019982 -0.42343438325579047 0.42514286262336404 -0.47814042682369268 -0.92539643489187096 1.0000000180025095e-35 0.4524136124778052 -0.95303886162758167 0.79142027819395266 0.85904573207354085 0.64234731457303895 0.80486473558658844 0.14962634069378936 0.57417055469678691 -1.1333956292085314
decision_type=2 2 2 2 2 2 2 2 2 2 2 2 2 2 2 2 2 2 2 2 2 2 2 2 2 2 2 2 2 2
left_child=2 3 5 8 7 14 13 26 21 25 28 22 19 15 27 -4 -13 -14 -11 -5 -17 -2 -6 -16 -10 -7 -3 -1 -8 -9
right_child=1 4 6 12 11 9 10 29 24 18 -12 16 17 -15 23 20 -18 -19 -20 -21 -22 -23 -24 -25 -26 -27 -28 -29 -30 -31
leaf_value=-0.047133323977054629 -0.014641163305213097 0.0045950704439702214 -0.034337513665967712 -0.0063598785809028807 0.012150886901852171 -0.029477558799917866 -0.011242991192877404 0.010159314948179338 0.0009741303828953101 -0.019193651625209793 0.0076518538808164659 0.029312416027961526 0.015492041744699151 -0.0037273623599932172 -0.030813444382423668 -0.023134023447193841 0.044891385196104021 0.030500606473235804 -0.0059511485763875972 0.010257706909797919 -0.0091209611235179514 -0.0019780771122452157 0.028070283085557646 -0.014654891361033576 0.014414399268209494 -0.016388912624000416 0.017832482016959767 -0.032764792280472035 0.0017025908531109132 0.025509985761954262
leaf_weight=3489 6266 7040 1963 1797 1818 6305 5734 1635 7255 3414 8775 3067 4771 4695 4628 3715 4991 2876 6013 5966 3824 3540 6178 1823 2542 2895 2582 2933 2871 7911
leaf_count=3489 6266 7040 1963 1797 1818 6305 5734 1635 7255 3414 8775 3067 4771 4695 4628 3715 4991 2876 6013 5966 3824 3540 6178 1823 2542 2895 2582 2933 2871 7911
internal_value=-9.14053e-12 0.013706 -0.0152614 0.00446594 0.0228912 -0.0242692 -0.00627546 0.0154848 -0.00280749 -0.0179639 0.000435319 0.0317343 0.0137184 -0.0144908 -0.033393 -0.0198091 0.0389618 0.0211367 -0.0107469 0.00641102 -0.0160262 -0.0100697 0.0244508 -0.0262472 0.00446144 -0.0253589 0.00814724 -0.0405711 -0.00692379 0.0228808
internal_weight=133312 70235 63077 35013 35222 31500 31577 19168 19603 18627 17380 16054 15410 14197 12873 9502 8058 7647 9427 7763 7539 9806 7996 6451 9797 9200 9622 6422 8605 9546
internal_count=133312 70235 63077 35013 35222 31500 31577 19168 19603 18627 17380 16054 15410 14197 12873 9502 8058 7647 9427 7763 7539 9806 7996 6451 9797 9200 9622 6422 8605 9546
is_linear=0
shrinkage=0.1


Tree=21
num_leaves=31
num_cat=0
split_feature=0 2 2 0 0 3 3 3 3 3 3 0 0 0 0 0 1 1 1 1 1 1 1 1 0 1 1 1 1 0
split_gain=2291.99 541.424 354.978 263.892 260.271 117.239 113.494 100.575 94.0096 89.8623 70.0765 55.1332 55.0002 53.4239 48.7021 48.4458 46.6201 45.6992 42.413 40.216 37.7029 37.1379 37.121 37.1048 35.8167 34.4162 33.704 29.9506 29.2682 27.2863
threshold=0.38539674160062215 1.0000000180025095e-35 1.0000000180025095e-35 -0.5008840990771678 -0.70547956239531595 1.0000000180025095e-35 1.0000000180025095e-35 1.0000000180025095e-35 1.0000000180025095e-35 1.0000000180025095e-35 1.0000000180025095e-35 1.5395584382489742 1.5940659747050052 1.5395584382489742 -1.571392284743508 1.5940659747050052 -0.89788614928727462 0.72450907504805118 -0.57145056519773363 -1.0213707215850361 -0.96723971438260092 0.77856293719238268 0.81886648992186473 -1.0213707215850361 -1.5841043117019982 -0.54469342142118038 -0.80155907459109021 0.83291638637502097 -1.0365022640883759 -1.3767822609135916
decision_type=2 2 2 2 2 2 2 2 2 2 2 2 2 2 2 2 2 2 2 2 2 2 2 2 2 2 2 2 2 2
left_child=1 3 5 7 8 11 13 16 18 26 28 22 19 21 -9 20 -1 29 -3 -8 -7 -4 -2 -16 -18 -11 -6 -12 -5 -10
right_child=2 4 6 10 9 15 12 14 17 25 27 -13 -14 -15 23 -17 24 -19 -20 -21 -22 -23 -24 -25 -26 -27 -28 -29 -30 -31
leaf_value=-0.043357223270902016 -0.0045958404684285905 -0.026866627031415954 0.011975835215921576 -0.027550948345417027 -0.010665283822527273 0.0019929261076466185 0.017679590302787051 -0.035630232467101883 -0.016365564786673559 0.0039984462351692054 -0.0062143207377847089 0.017492312524467035 0.050960218906457078 0.033911457332904835 -0.028321017068420412 0.033048265945460821 -0.045302369715940607 0.0068690014593670709 -0.01288693644593477 0.032142554950260721 0.015858715327637746 0.024895243528863992 0.0085408325650356155 -0.013503277906982143 -0.026143420025785447 0.016012224519492271 0.0022304147090834196 0.0073483063860980734 -0.012692053548594151 -0.0034205517048043321
leaf_weight=2772 8288 3253 8154 1649 2752 2508 2426 1532 2538 3624 6390 1840 1282 1834 2124 1322 1114 2886 6520 9265 8992 3060 2905 8269 7863 6972 7690 2185 6760 4543
leaf_count=2772 8288 3253 8154 1649 2752 2508 2426 1532 2538 3624 6390 1840 1282 1834 2124 1322 1114 2886 6520 9265 8992 3060 2905 8269 7863 6972 7690 2185 6760 4543
internal_value=-8.93064e-12 -0.0104652 0.0164285 -0.018631 -0.00232338 0.00812981 0.0246742 -0.0254548 -0.010571 0.00541537 -0.00911936 0.00145068 0.0312975 0.0180889 -0.0189852 0.0149189 -0.0320213 -0.00373748 -0.0175402 0.0291413 0.0128348 0.0155012 -0.00118638 -0.0165316 -0.0285209 0.0119033 -0.00116826 -0.00275842 -0.0156059 -0.00806035
internal_weight=133312 81436 51876 40658 40778 25855 26021 23674 19740 21038 16984 13033 12973 13048 11925 12822 11749 9967 9773 11691 11500 11214 11193 10393 8977 10596 10442 8575 8409 7081
internal_count=133312 81436 51876 40658 40778 25855 26021 23674 19740 21038 16984 13033 12973 13048 11925 12822 11749 9967 9773 11691 11500 11214 11193 10393 8977 10596 10442 8575 8409 7081
is_linear=0
shrinkage=0.1


Tree=22
num_leaves=31
num_cat=0
split_feature=0 2 2 0 0 0 3 3 3 1 1 3 0 0 1 3 1 3 0 1 1 1 0 1 1 1 1 1 1 0
split_gain=1865.13 418.578 308.4 191.237 186.431 108.719 108.681 73.8813 69.6855 68.6511 67.2442 65.9211 56.3715 56.2832 51.1996 44.5866 39.6475 38.1488 35.2719 34.422 32.2324 31.2128 28.2479 27.3304 26.3812 25.7151 24.5574 24.2755 23.3027 22.0749
threshold=-0.23072843377597085 1.0000000180025095e-35 1.0000000180025095e-35 0.72267045296319854 0.8761331149580297 -1.3066071906808669 1.0000000180025095e-35 1.0000000180025095e-35 1.0000000180025095e-35 -0.89788614928727462 0.72450907504805118 1.0000000180025095e-35 1.5529670407841329 -1.4048914043645619 -0.80155907459109021 1.0000000180025095e-35 -0.63747942393191692 1.0000000180025095e-35 -1.624164187359636 0.88682938015390989 0.84564550275206518 -0.95303886162758167 1.5529670407841329 -0.21861641151918257 0.64234731457303895 0.60231622696766185 -1.0365022640883759 1.1176565880083282 -0.62391444833449994 -1.6369544238483387
decision_type=2 2 2 2 2 2 2 2 2 2 2 2 2 2 2 2 2 2 2 2 2 2 2 2 2 2 2 2 2 2
left_child=2 3 5 11 7 16 13 23 20 -5 17 26 15 25 -8 -11 -1 -6 -16 -10 -7 -15 -12 -3 -9 -4 -2 -20 -13 -18
right_child=1 4 6 9 10 8 14 24 19 12 22 28 -14 21 18 -17 29 -19 27 -21 -22 -23 -24 -25 -26 -27 -28 -29 -30 -31
leaf_value=-0.041018758582807235 -0.02071471646292028 -5.3117904616848225e-06 -0.030804088514070124 -0.00074589940714280358 0.015932053142205124 -0.026094930164973686 -0.0099343695700061414 0.014128433817207735 -0.014512323726397712 0.0043068088936399724 0.031721084237037955 -0.005763327319044987 0.026615074383249449 -0.018860339520507682 -0.017167063356111522 0.016476109430577143 -0.037963509010183208 0.027318996312912815 0.0022400583219869207 -0.0011413687253276318 -0.013145328965158571 -0.006220927404723825 0.050487859172316941 0.010184793573920338 0.024891827549500981 -0.011864027863548308 -0.0078123865664159499 0.013822253747853048 0.0050236928833790884 -0.022603380150639958
leaf_weight=2543 1847 4684 2058 4644 5853 7714 3929 7245 7996 6078 3795 2946 2583 2526 773 5966 1194 5916 7571 2536 2560 8625 1017 6008 3321 1100 7328 2378 6254 4324
leaf_count=2543 1847 4684 2058 4644 5853 7714 3929 7245 7996 6078 3795 2946 2583 2526 773 5966 1194 5916 7571 2536 2560 8625 1017 6008 3321 1100 7328 2378 6254 4324
internal_value=2.16953e-11 0.0103527 -0.013514 0.00288706 0.0177803 -0.0208286 -0.00622291 0.0115811 -0.0170087 0.00984671 0.0257281 -0.00441196 0.0132098 -0.0124217 -0.000168826 0.0103349 -0.030688 0.021656 0.00340969 -0.0112927 -0.0228682 -0.00908409 0.0356874 0.00572067 0.0175115 -0.0242069 -0.0104097 0.00500842 0.0015695 -0.025927
internal_weight=133312 75485 57827 37646 37839 28867 28960 21258 20806 19271 16581 18375 14627 14309 14651 12044 8061 11769 10722 10532 10274 11151 4812 10692 10566 3158 9175 9949 9200 5518
internal_count=133312 75485 57827 37646 37839 28867 28960 21258 20806 19271 16581 18375 14627 14309 14651 12044 8061 11769 10722 10532 10274 11151 4812 10692 10566 3158 9175 9949 9200 5518
is_linear=0
shrinkage=0.1


Tree=23
num_leaves=31
num_cat=0
split_feature=0 0 2 2 2 1 3 3 3 3 3 3 1 0 1 0 0 1 1 1 1 0 0 0 1 0 1 1 1 0
split_gain=1538.18 386.818 221.281 202.857 161.289 77.1604 75.3483 74.6239 71.0553 57.241 50.0735 49.5859 42.2105 38.5032 37.6432 35.8315 35.288 32.8267 29.3338 29.1929 27.2657 26.3819 25.2263 25.1991 23.614 22.9087 22.3256 21.6609 21.2749 19.7881
threshold=0.45269217921968474 -0.5008840990771678 1.0000000180025095e-35 1.0000000180025095e-35 1.0000000180025095e-35 0.72450907504805118 1.0000000180025095e-35 1.0000000180025095e-35 1.0000000180025095e-35 1.0000000180025095e-35 1.0000000180025095e-35 1.0000000180025095e-35 0.91434332804113172 -1.6104220491653367 -0.91179159445153835 1.6068778746040728 -1.5295459605057691 0.88682938015390989 -0.99302568805224634 -0.66557245562019707 -0.91179159445153835 1.4714890195892034 -1.624164187359636 -1.571392284743508 -0.63747942393191692 1.5940659747050052 -0.43677465053099424 -0.12237029926445663 0.90043306027112135 1.4845421030060928
decision_type=2 2 2 2 2 2 2 2 2 2 2 2 2 2 2 2 2 2 2 2 2 2 2 2 2 2 2 2 2 2
left_child=1 3 5 8 10 9 15 13 16 -2 26 28 25 -5 -9 19 -1 23 -15 -4 -18 -7 -16 -10 -12 -8 -3 -13 -6 -11
right_child=2 4 6 7 11 21 12 14 17 29 24 27 -14 18 22 -17 20 -19 -20 -21 -22 -23 -24 -25 -26 -27 -28 -29 -30 -31
leaf_value=-0.038513698669591652 -0.0020014462337986489 -0.018816623303699261 0.005909812843402089 -0.030367845378864857 -0.0018973892707246772 0.012958254711471988 0.021328994302917795 -0.012330630605392048 -0.03219837410491426 0.0071086695462654233 -0.0094411746707475895 0.0060941924282870664 0.036826980690382149 -0.021604418046640726 -0.015847228202504896 0.031863119158989345 -0.033452004123079693 -0.006157595790978799 -0.0086608454005920772 0.016906441908356065 -0.020922045579676612 0.02800911906682791 0.0026125896107625354 -0.01629160113923353 0.0014535816718211228 0.037473082214403541 -0.0085863647009779415 0.015786070475792113 0.0092786364353421389 0.019155971986071336
leaf_weight=1959 8745 3418 3509 1191 6887 5695 8451 2762 1141 6919 2903 4338 2887 2220 812 1170 2257 2952 8286 7737 7533 1464 8382 7832 6322 981 5675 4923 2263 1698
leaf_count=1959 8745 3418 3509 1191 6887 5695 8451 2762 1141 6919 2903 4338 2887 2220 812 1170 2257 2952 8286 7737 7533 1464 8382 7832 6322 981 5675 4923 2263 1698
internal_value=2.51837e-11 -0.00822269 0.0140321 -0.0141988 -0.000522186 0.00730034 0.0207057 -0.00764893 -0.0207429 0.00369825 -0.00716569 0.00608776 0.0262466 -0.0133277 -0.00209321 0.015208 -0.0262623 -0.0153049 -0.0113959 0.0134753 -0.0238107 0.0160361 0.000982247 -0.0183143 -0.00197487 0.0230081 -0.0124319 0.0112462 0.000866692 0.00948262
internal_weight=133312 84056 49256 47327 36729 24521 24735 23653 23674 17362 18318 18411 12319 11697 11956 12416 11749 11925 10506 11246 9790 7159 9194 8973 9225 9432 9093 9261 9150 8617
internal_count=133312 84056 49256 47327 36729 24521 24735 23653 23674 17362 18318 18411 12319 11697 11956 12416 11749 11925 10506 11246 9790 7159 9194 8973 9225 9432 9093 9261 9150 8617
is_linear=0
shrinkage=0.1


Tree=24
num_leaves=31
num_cat=0
split_feature=0 0 2 2 2 1 1 3 1 0 0 3 3 3 1 1 3 0 3 3 3 0 1 0 1 0 1 1 0 0
split_gain=1247.95 308.712 181.389 172.87 119.686 68.7756 64.9398 63.5474 61.566 51.6219 46.6819 41.2575 40.0519 39.4604 32.0905 31.2764 30.3799 29.1512 25.7712 24.9115 21.0923 20.4169 19.392 18.6542 17.8636 17.2706 16.72 15.9106 15.8731 15.4764
threshold=-0.39283163977556773 0.49289244727721204 1.0000000180025095e-35 1.0000000180025095e-35 1.0000000180025095e-35 0.57417055469678691 -0.63747942393191692 1.0000000180025095e-35 -0.12237029926445663 -1.4048914043645619 1.4983336419829485 1.0000000180025095e-35 1.0000000180025095e-35 1.0000000180025095e-35 0.4524136124778052 0.96965577235158074 1.0000000180025095e-35 -1.4597597485600116 1.0000000180025095e-35 1.0000000180025095e-35 1.0000000180025095e-35 1.6211908948580041 0.42514286262336404 -1.2674358271384925 -1.1622330680682371 -1.5841043117019982 -0.053551980127119529 -0.96723971438260092 -1.6771782804462929 1.5395584382489742
decision_type=2 2 2 2 2 2 2 2 2 2 2 2 2 2 2 2 2 2 2 2 2 2 2 2 2 2 2 2 2 2
left_child=2 4 6 7 12 9 17 14 18 28 19 23 26 27 -3 21 -11 -1 -5 -10 -7 -9 -14 -8 -15 -13 -2 -6 -4 -16
right_child=1 3 5 8 13 20 11 15 10 16 -12 25 22 24 29 -17 -18 -19 -20 -21 -22 -23 -24 -25 -26 -27 -28 -29 -30 -31
leaf_value=-0.037474350675614158 -0.014963062305314995 -0.0022887080744855861 -0.032962158270765193 0.0086791568662597917 -0.0066938518279843033 -0.0039490225175472932 -0.025905196421903982 0.0078161065158759806 0.015794747756825496 -0.01170841877550474 0.036210437698854618 -0.022889489738710994 -0.0044460333797936664 0.0007879912437976002 0.0058136664025159072 0.021684808980278757 -0.0019862903708480605 -0.022528147558368881 0.018283956700937517 0.025580449337361935 0.0059168276808893123 0.02447159945153693 0.0053294390698241639 -0.016238379186632467 0.013168414282122327 -0.0084169796227604021 -0.0060646949530303758 0.0037956359887074847 -0.016721157313162881 0.021746739616812491
leaf_weight=1638 4118 7528 726 5634 1845 4321 3048 8365 5182 6340 2388 920 5301 1393 3672 2612 6519 6418 5541 5224 4347 807 3288 5785 7135 7948 4334 6687 3517 731
leaf_count=1638 4118 7528 726 5634 1845 4321 3048 8365 5182 6340 2388 920 5301 1393 3672 2612 6519 6418 5541 5224 4347 807 3288 5785 7135 7948 4334 6687 3517 731
internal_value=5.61048e-12 0.00767971 -0.0121894 0.0128753 0.000414594 -0.00625775 -0.0181241 0.00682211 0.0188644 -0.00993561 0.023601 -0.0147367 -0.00551303 0.00633561 0.00167758 0.0120308 -0.00677969 -0.0255671 0.0134416 0.0207073 0.000998699 0.00928154 -0.000703834 -0.0195741 0.0111461 -0.00991841 -0.0104002 0.00152734 -0.0195001 0.00845893
internal_weight=133312 81785 51527 47684 34101 25770 25757 23715 23969 17102 12794 17701 17041 17060 11931 11784 12859 8056 11175 10406 8668 9172 8589 8833 8528 8868 8452 8532 4243 4403
internal_count=133312 81785 51527 47684 34101 25770 25757 23715 23969 17102 12794 17701 17041 17060 11931 11784 12859 8056 11175 10406 8668 9172 8589 8833 8528 8868 8452 8532 4243 4403
is_linear=0
shrinkage=0.1


Tree=25
num_leaves=31
num_cat=0
split_feature=0 0 2 2 2 0 0 1 1 1 1 3 1 1 3 3 3 0 0 3 3 1 0 1 1 1 1 1 3 1
split_gain=1016.49 243.264 161.832 141.3 82.8574 62.9335 60.8851 49.0323 48.1863 42.7451 40.5307 37.6567 36.2465 34.392 34.2455 32.3844 30.12 27.1135 26.9879 23.5396 21.7659 21.5633 21.3114 16.6082 15.2244 14.9835 14.4615 12.8859 12.1853 11.9426
threshold=0.30338364931279499 -0.96651626700653914 1.0000000180025095e-35 1.0000000180025095e-35 1.0000000180025095e-35 1.4051243056262674 1.1341786478862106 1.0644463340648518 0.83291638637502097 -0.91179159445153835 -0.93973856328893646 1.0000000180025095e-35 -1.1034040945846899 -0.81466223153096939 1.0000000180025095e-35 1.0000000180025095e-35 1.0000000180025095e-35 -1.6369544238483387 -1.6509015653174675 1.0000000180025095e-35 1.0000000180025095e-35 0.92788050297918756 1.6211908948580041 0.99763118324291822 -1.2166497752400189 -0.92539643489187096 1.1590219770079691 1.0500971382719435 1.0000000180025095e-35 -1.0494187911788677
decision_type=2 2 2 2 2 2 2 2 2 2 2 2 2 2 2 2 2 2 2 2 2 2 2 2 2 2 2 2 2 2
left_child=1 4 6 8 12 10 15 11 14 -6 -4 -5 -1 -8 29 25 -12 -11 -14 -20 -19 -7 26 -17 -13 -2 -15 -18 -10 -3
right_child=2 3 5 7 9 21 13 -9 28 17 16 24 18 22 -16 23 27 20 19 -21 -22 -23 -24 -25 -26 -27 -28 -29 -30 -31
leaf_value=-0.03039532884882273 -0.01116159380030622 -0.021577901377429338 0.005308135919474718 -0.0042510128732955585 -0.018988934127972888 0.021409929332555238 0.0014469665011037206 0.011431489600345231 -0.0052768156260031111 -0.019107600834731453 0.011343148320396564 -0.0037008885203669061 -0.031298144232061148 0.0089663670155026003 -0.0066956232582924121 0.0030851440103229506 0.017609416252948314 -0.0091105981069323199 -0.020546101977699266 -0.011217851436901238 0.00027958458061754914 0.035310574673674204 0.024405209824829664 0.014154353556392107 0.0063603299951664393 -0.0010627954874537753 0.019929516279251065 0.026732433320070068 0.0036030112810830637 -0.013233398859757054
leaf_weight=2648 1937 2311 4955 9763 3419 4844 3067 4800 3042 1428 8169 1847 1265 5354 9182 6171 6073 4885 5387 5434 4990 1450 1550 1737 8098 6083 1552 2078 3141 6652
leaf_count=2648 1937 2311 4955 9763 3419 4844 3067 4800 3042 1428 8169 1847 1265 5354 9182 6171 6073 4885 5387 5434 4990 1450 1550 1737 8098 6083 1552 2078 3141 6652
internal_value=-6.44975e-13 -0.00732013 0.0104164 -0.00299104 -0.0144975 0.0158281 0.00498131 0.00236816 -0.00838989 -0.00919162 0.0132294 0.000160735 -0.019799 0.0105183 -0.0109878 0.000975612 0.0156344 -0.00622806 -0.0174774 -0.0158617 -0.00436558 0.0246123 0.0138085 0.00551651 0.00449175 -0.00350187 0.0114301 0.0199352 -0.000765812 -0.0153849
internal_weight=133312 78292 55020 48836 29456 27569 27451 24508 24328 14722 21275 19708 14734 11523 18145 15928 16320 11303 12086 10821 9875 6294 8456 7908 9945 8020 6906 8151 6183 8963
internal_count=133312 78292 55020 48836 29456 27569 27451 24508 24328 14722 21275 19708 14734 11523 18145 15928 16320 11303 12086 10821 9875 6294 8456 7908 9945 8020 6906 8151 6183 8963
is_linear=0
shrinkage=0.1


Tree=26
num_leaves=31
num_cat=0
split_feature=0 0 2 2 1 2 1 1 3 3 0 3 0 3 0 1 3 1 1 1 3 0 1 1 1 3 0 1 0 0
split_gain=842.546 218.086 130.936 116.766 64.9944 55.9948 51.0205 48.6778 45.2792 44.8529 35.5674 31.145 26.2321 23.7118 23.1912 21.4089 21.2532 20.2991 19.8735 19.5244 18.2158 15.4898 14.6171 12.3678 11.84 11.3557 10.6388 10.3451 9.85302 9.63219
threshold=-0.41927081224343316 1.0390795729906965 1.0000000180025095e-35 1.0000000180025095e-35 -1.1622330680682371 1.0000000180025095e-35 -0.74737889880155994 0.64234731457303895 1.0000000180025095e-35 1.0000000180025095e-35 -1.4326193338329263 1.0000000180025095e-35 1.6068778746040728 1.0000000180025095e-35 -1.5438104184792234 0.81886648992186473 1.0000000180025095e-35 0.65583258508244013 -0.50431227735705308 0.80486473558658844 1.0000000180025095e-35 -1.6369544238483387 1.1176565880083282 0.96965577235158074 1.1319660425107732 1.0000000180025095e-35 1.5940659747050052 -1.1894380865315706 0.43908225345892166 0.37187914526189675
decision_type=2 2 2 2 2 2 2 2 2 2 2 2 2 2 2 2 2 2 2 2 2 2 2 2 2 2 2 2 2 2
left_child=3 2 8 7 -3 13 14 10 15 19 -1 21 20 24 -5 29 -12 -11 -10 27 -7 -8 -13 -23 -6 -9 -15 -4 -20 -2
right_child=1 4 9 6 5 12 11 25 18 17 16 22 -14 26 -16 -17 -18 -19 28 -21 -22 23 -24 -25 -26 -27 -28 -29 -30 -31
leaf_value=-0.02640244595847745 -0.011366871938108663 0.0024747900358070211 -0.0048462961979751119 -0.025965706849259265 0.0038757002400167532 0.014148400913097367 -0.021449021170929519 -0.012345547844995974 -0.003272067688423651 0.0089245065927417416 -0.01953023839043334 -0.00072147214593579938 0.031376963977824059 0.013258075506958112 -0.010117490810238876 0.00046783384337713676 -0.011583326590091517 0.017140424402157531 0.001878732531342308 0.0096077869146313517 0.023039108146109308 -0.008193928682283717 0.0085863861281774891 0.00013074087046431967 0.015122023505385662 -0.0047627026988387904 0.024169845393757224 0.0028822349952416265 0.0085948754157664769 -0.005258134342191044
leaf_weight=3874 5540 4362 2202 1090 4443 4600 664 3883 4939 9707 6684 6941 1947 4450 6039 3559 6778 4357 5362 3812 4618 5672 2229 2604 1186 4019 1118 8114 3686 4833
leaf_count=3874 5540 4362 2202 1090 4443 4600 664 3883 4939 9707 6684 6941 1947 4450 6039 3559 6778 4357 5362 3812 4618 5672 2229 2604 1186 4019 1118 8114 3686 4833
internal_value=-4.16951e-12 0.00620586 0.0026648 -0.0101841 0.0136408 0.0158189 -0.00537456 -0.0149938 -0.00218942 0.00747201 -0.0179589 -0.00255364 0.0208301 0.0108221 -0.0125406 -0.00622452 -0.015529 0.0114698 0.00182982 0.00349234 0.0186024 -0.00675365 0.00154104 -0.00557462 0.00624524 -0.00848887 0.0154491 0.00123254 0.00461477 -0.00852068
internal_weight=133312 82835 56111 50477 26724 22362 25239 25238 27919 28192 17336 18110 11165 11197 7129 13932 13462 14064 13987 14128 9218 8940 9170 8276 5629 7902 5568 10316 9048 10373
internal_count=133312 82835 56111 50477 26724 22362 25239 25238 27919 28192 17336 18110 11165 11197 7129 13932 13462 14064 13987 14128 9218 8940 9170 8276 5629 7902 5568 10316 9048 10373
is_linear=0
shrinkage=0.1


Tree=27
num_leaves=31
num_cat=0
split_feature=0 0 2 2 1 1 1 2 3 1 3 0 3 0 3 3 1 1 0 3 0 0 0 1 1 3 1 0 1 3
split_gain=687.757 187.86 100.117 98.2312 57.518 42.9049 42.3372 36.0047 35.9078 35.6753 30.215 30.0793 25.956 22.7493 19.9148 19.1402 18.703 17.8583 17.3359 17.0412 16.5904 14.3005 12.9322 12.4651 12.4577 12.4247 11.2418 11.0033 10.6159 10.3711
threshold=0.45269217921968474 -0.93833068682490606 1.0000000180025095e-35 1.0000000180025095e-35 -0.42343438325579047 -0.30123528521328197 1.0500971382719435 1.0000000180025095e-35 1.0000000180025095e-35 -1.0494187911788677 1.0000000180025095e-35 1.5395584382489742 1.0000000180025095e-35 -1.6509015653174675 1.0000000180025095e-35 1.0000000180025095e-35 -0.96723971438260092 1.0233647397699486 1.5940659747050052 1.0000000180025095e-35 -1.6369544238483387 -1.6509015653174675 1.2713524307979476 -1.2829530085059275 1.3510165394591973 1.0000000180025095e-35 0.96965577235158074 1.5940659747050052 -1.0213707215850361 1.0000000180025095e-35
decision_type=2 2 2 2 2 2 2 2 2 2 2 2 2 2 2 2 2 2 2 2 2 2 2 2 2 2 2 2 2 2
left_child=1 4 5 9 13 19 10 21 16 -3 23 14 24 -1 -7 -15 -5 -10 28 -2 -9 -6 -8 -4 -11 -22 -14 -25 -12 -23
right_child=2 3 6 8 7 11 22 20 17 12 18 -13 26 15 -16 -17 -18 -19 -20 -21 25 29 -24 27 -26 -27 -28 -29 -30 -31
leaf_value=-0.030118582746982665 -0.0041835652095368698 -0.013626829067362376 -7.3057451941580941e-06 -0.00840976215266271 -0.024511013546607202 0.0024129580112748333 0.018379991163738507 -0.015334373108036143 0.0041227911920193611 -0.0092650211961656358 0.0084456359072986563 0.019224101245097065 -0.0029497575744214322 -0.020184247375346059 0.010487532295906803 -0.011514641703017329 0.00064665140872154222 0.013108344717462842 0.028046154231628085 0.0040175547698135701 -0.00639377163985708 -0.01497897247821206 0.029127031246288151 0.0082580196710306444 0.00078970941986394004 0.0012950992211001248 0.0042721166584136477 0.020101964101567019 0.016349074451780517 -0.0080273534726586614
leaf_weight=1247 5124 5230 1650 2924 933 6124 3131 1149 10747 9234 2290 2167 7880 5046 6094 5141 10359 2785 1025 5012 4175 4258 1743 7428 1422 4232 2967 877 6591 4327
leaf_count=1247 5124 5230 1650 2924 933 6124 3131 1149 10747 9234 2290 2167 7880 5046 6094 5141 10359 2785 1025 5012 4175 4258 1743 7428 1422 4232 2967 877 6591 4327
internal_value=1.52691e-11 -0.00549829 0.00938291 -0.00192994 -0.0117615 0.00485486 0.0138718 -0.0083997 0.00234656 -0.00621955 0.0118223 0.00836612 -0.00441794 -0.0173696 0.00644033 -0.015809 -0.00134695 0.00597209 0.0157323 -0.000128315 -0.00406366 -0.0127531 0.0222233 0.00793149 -0.00792326 -0.00252327 -0.000974345 0.00950873 0.0143111 -0.0114752
internal_weight=133312 84056 49256 53548 30508 24521 24735 19074 26815 26733 19861 14385 21503 11434 12218 10187 13283 13532 9906 10136 9556 9518 4874 9955 10656 8407 10847 8305 8881 8585
internal_count=133312 84056 49256 53548 30508 24521 24735 19074 26815 26733 19861 14385 21503 11434 12218 10187 13283 13532 9906 10136 9556 9518 4874 9955 10656 8407 10847 8305 8881 8585
is_linear=0
shrinkage=0.1


Tree=28
num_leaves=31
num_cat=0
split_feature=0 0 2 2 1 1 1 1 1 3 0 3 0 3 3 3 0 2 0 3 1 0 1 0 2 2 1 1 0 1
split_gain=570.737 145.872 90.8047 81.8578 42.6576 37.2898 36.2284 32.9295 31.4128 27.8853 25.4502 23.2847 22.8711 19.6737 19.073 18.3011 17.8521 17.5579 12.0239 10.8368 10.6799 10.0219 9.894 9.1515 8.98146 8.97197 8.95531 8.79376 8.56124 8.45652
threshold=-0.39283163977556773 1.1341786478862106 1.0000000180025095e-35 1.0000000180025095e-35 -0.095587047514607837 -1.0494187911788677 0.96965577235158074 0.81886648992186473 0.80486473558658844 1.0000000180025095e-35 -1.5841043117019982 1.0000000180025095e-35 1.6211908948580041 1.0000000180025095e-35 1.0000000180025095e-35 1.0000000180025095e-35 -1.4048914043645619 1.0000000180025095e-35 -1.3767822609135916 1.0000000180025095e-35 1.2403971821142508 -1.3479419897304001 -1.4333464172982049 -1.664457234418135 1.0000000180025095e-35 1.0000000180025095e-35 0.88682938015390989 -1.2166497752400189 1.6484719797302079 -1.2166497752400189
decision_type=2 2 2 2 2 2 2 2 2 2 2 2 2 2 2 2 2 2 2 2 2 2 2 2 2 2 2 2 2 2
left_child=3 2 7 5 17 21 9 11 13 16 -7 29 15 -4 20 24 -5 22 -11 -10 -12 -1 -3 -8 -6 -17 -16 -13 -19 -2
right_child=1 4 8 6 12 10 23 -9 19 18 14 27 -14 -15 26 25 -18 28 -20 -21 -22 -23 -24 -25 -26 -27 -28 -29 -30 -31
leaf_value=-0.027049320957438401 -0.012152983068049903 -0.005514869552112547 0.0014665702465199507 -0.017549492023034973 0.0054118339991140125 -0.020284855341743784 -0.015171982581740955 0.0042280694260018988 0.008145151912165834 -0.0082200861942183356 -0.013906231292080823 -0.0057449528195510817 0.025201005857730514 0.0075101159609722136 -0.0079791378250986273 0.013944952566129515 -0.0076374767650224957 0.0098294356097743917 -0.0005100972953770666 0.015529227190359715 -0.0048123405791314008 -0.017145941923546796 0.0054282398730757832 0.0036561253275694695 0.013944138121539499 0.02245445253596769 -0.001226930305938013 0.0013552787395043489 0.021315054901130313 -0.0052475894786781514
leaf_weight=1427 2233 1015 10804 2406 2481 2296 271 7664 3978 2777 7595 2193 2218 10742 6462 2445 7423 4737 7447 3972 1556 3599 4442 5446 2454 2512 2822 8526 752 8617
leaf_count=1427 2233 1015 10804 2406 2481 2296 271 7664 3978 2777 7595 2193 2218 10742 6462 2445 7423 4737 7447 3972 1556 3599 4442 5446 2454 2512 2822 8526 752 8617
internal_value=1.74514e-11 0.00519355 0.0025474 -0.00824334 0.0119339 -0.0122301 -0.00425857 -0.00140238 0.00646196 -0.00626056 -0.0103566 -0.00340302 0.0160233 0.00447965 -0.00912012 0.0139655 -0.0100638 0.00740961 -0.00260425 0.0118344 -0.0123599 -0.0199577 0.00339283 0.00276363 0.00965465 0.0182572 -0.00592671 -9.73575e-05 0.011403 -0.00666876
internal_weight=133312 81785 58729 51527 23056 25757 25770 29233 29496 20053 20731 21569 12110 21546 18435 9892 9829 10946 10224 7950 9151 5026 5457 5717 4935 4957 9284 10719 5489 10850
internal_count=133312 81785 58729 51527 23056 25757 25770 29233 29496 20053 20731 21569 12110 21546 18435 9892 9829 10946 10224 7950 9151 5026 5457 5717 4935 4957 9284 10719 5489 10850
is_linear=0
shrinkage=0.1


Tree=29
num_leaves=31
num_cat=0
split_feature=0 0 2 2 1 1 1 1 1 3 3 2 3 3 0 0 0 0 0 1 1 0 3 1 1 1 1 0 1 1
split_gain=469.96 120.339 72.5562 70.9646 34.6024 31.6785 30.5598 30.2769 28.4342 25.1037 24.4249 23.2835 21.683 19.3497 12.5346 12.2903 11.8518 11.7283 11.6311 10.6054 10.4949 10.1108 10.064 9.92421 9.58478 9.53107 8.90698 8.47769 8.3182 8.24796
threshold=0.39875252827049407 -1.1582719766168734 1.0000000180025095e-35 1.0000000180025095e-35 -0.91179159445153835 1.2000602348101583 1.0500971382719435 -1.2020620025358399 -1.0494187911788677 1.0000000180025095e-35 1.0000000180025095e-35 1.0000000180025095e-35 1.0000000180025095e-35 1.0000000180025095e-35 1.5940659747050052 1.6211908948580041 -1.6509015653174675 -1.6771782804462929 1.5662704605009601 1.1176565880083282 1.1723580041465129 1.5795329942026839 1.0000000180025095e-35 1.2969728518370454 -1.1622330680682371 -0.92539643489187096 -1.4069152600807204 -0.43286894460058956 1.2141965019839203 0.71123222601137459
decision_type=2 2 2 2 2 2 2 2 2 2 2 2 2 2 2 2 2 2 2 2 2 2 2 2 2 2 2 2 2 2
left_child=1 4 8 5 22 9 12 -4 -3 18 20 16 24 23 -14 26 -6 -13 25 -12 -9 -8 -1 -10 -5 -2 -11 -15 -19 -18
right_child=3 2 7 6 11 -7 21 10 13 15 19 17 14 27 -16 -17 29 28 -20 -21 -22 -23 -24 -25 -26 -27 -28 -29 -30 -31
leaf_value=-0.02263605959533993 -0.0073748737053267429 -0.012098590710778397 -0.0063750954740865035 0.00037463335738570466 -0.02193374892750484 0.012075099746524076 0.016594178248761499 -0.0020944516189710222 -0.0084005982840781 -0.0038657523185594866 0.0040400746431949403 -0.016650578709855965 0.011594367095832808 -0.0043400835388545667 0.023246033656503511 0.016975960813913074 -0.013740621926761974 -0.0055749619526065334 0.0076746533218620605 0.011079814804942289 0.0051952557599866398 0.030768069030038033 -0.013823427030047554 -0.00033814704246351546 0.0078432238269983794 -0.00034736293967370125 0.0057536196378823535 0.00096268186540827494 0.0026457199202529129 -0.0068095408928701522
leaf_weight=2548 2672 5864 4580 2174 1161 3897 4478 10117 10151 1081 10077 801 9304 5661 1025 889 4421 6180 1331 2717 2454 567 2637 1797 8198 6949 8787 6450 1537 2807
leaf_count=2548 2672 5864 4580 2174 1161 3897 4478 10117 10151 1081 10077 801 9304 5661 1025 889 4421 6180 1331 2717 2454 567 2637 1797 8198 6949 8787 6450 1537 2807
internal_value=3.3636e-12 -0.00469974 -0.00237207 0.00750098 -0.0110076 0.00377341 0.0112083 0.00110794 -0.00585463 0.00228317 0.00245911 -0.00881591 0.00950748 -0.00433277 0.0127506 0.0057144 -0.0125553 -0.00513312 -0.00108697 0.00553507 -0.000671419 0.0181872 -0.0181541 -0.00718799 0.00627779 -0.00229908 0.00469986 -0.00151597 -0.00393764 -0.0110489
internal_weight=133312 81960 59868 51352 22092 25606 25746 29945 29923 21709 25365 16907 20701 24059 10329 10757 8389 8518 10952 12794 12571 5045 5185 11948 10372 9621 9868 12111 7717 7228
internal_count=133312 81960 59868 51352 22092 25606 25746 29945 29923 21709 25365 16907 20701 24059 10329 10757 8389 8518 10952 12794 12571 5045 5185 11948 10372 9621 9868 12111 7717 7228
is_linear=0
shrinkage=0.1


Tree=30
num_leaves=31
num_cat=0
split_feature=0 0 2 2 1 1 0 1 3 0 1 3 1 0 3 3 1 1 3 0 1 2 3 3 1 1 1 0 1 1
split_gain=388.289 77.0065 63.6014 50.9185 32.8651 31.7996 30.9017 26.8994 24.8129 22.7394 18.861 18.7963 17.2455 12.9069 12.8367 11.3816 11.1987 10.4658 10.0392 8.892 8.8399 8.81754 8.09852 7.77992 7.18315 6.84353 6.70439 6.44785 5.93885 5.5479
threshold=-0.081578325255809797 1.1341786478862106 1.0000000180025095e-35 1.0000000180025095e-35 0.13588097996985646 1.1590219770079691 -1.5841043117019982 1.0644463340648518 1.0000000180025095e-35 -1.3066071906808669 -0.7602471840274786 1.0000000180025095e-35 0.84564550275206518 -0.93833068682490606 1.0000000180025095e-35 1.0000000180025095e-35 -1.1622330680682371 -1.1034040945846899 1.0000000180025095e-35 1.5940659747050052 -1.4612563378290384 1.0000000180025095e-35 1.0000000180025095e-35 1.0000000180025095e-35 -1.2301061036840515 -1.1478278570288281 -1.5013171877676104 -1.664457234418135 -0.95303886162758167 1.6625467557041274
decision_type=2 2 2 2 2 2 2 2 2 2 2 2 2 2 2 2 2 2 2 2 2 2 2 2 2 2 2 2 2 2
left_child=2 3 4 12 9 8 25 11 16 22 -5 20 18 27 -12 -11 -3 -10 28 -18 -8 -19 -1 -15 -13 -4 -17 -6 -2 -14
right_child=1 5 6 10 13 -7 7 -9 17 15 14 24 29 23 -16 26 19 21 -20 -21 -22 -23 -24 -25 -26 -27 -28 -29 -30 -31
leaf_value=-0.022434275177040518 -0.0084175093742821887 -0.0022801574344941066 -0.022733126269489964 0.0015489658320790608 -0.018549504111535425 0.018249587791304315 -0.014280039173467457 0.0046990708594094495 0.0055727137475141695 -0.012705784188440858 0.005107717558074501 -0.0054457459392724013 0.0032490091579158603 -0.0057348571082588553 0.01062225265244638 -0.015264535811852654 0.0044943174138983681 0.010124247941559757 0.00034729370446600786 0.012590121429024931 -0.004965256757887942 0.016966916412991039 -0.013746580479478368 0.00064022875585801947 0.00096092164052507872 -0.010050493331175124 -0.0055079680438817665 -0.0075359496214787844 -0.0027537283131049612 0.014443013269421757
leaf_weight=2152 2656 1879 517 6540 579 3795 1130 5633 2095 6307 8414 2137 5437 3787 8471 805 6001 3747 8543 1753 10356 3786 2140 3871 9665 2403 5631 6489 6111 482
leaf_count=2152 2656 1879 517 6540 579 3795 1130 5633 2095 6307 8414 2137 5437 3787 8471 805 6001 3747 8543 1753 10356 3786 2140 3871 9665 2403 5631 6489 6111 482
internal_value=-6.73085e-12 0.00515503 -0.00565009 0.00281854 -0.00881633 0.00988293 -0.0024918 -0.00150192 0.00823444 -0.0118072 0.00610833 -0.00300184 -0.000499015 -0.00535655 0.00787429 -0.00968678 0.00464616 0.0118246 -0.00209232 0.00632459 -0.00588165 0.0135633 -0.0181026 -0.00251235 -0.00019914 -0.012296 -0.0067283 -0.00843816 -0.00446959 0.00416057
internal_weight=133312 69710 63602 46654 31761 23056 31841 28921 19261 17035 23425 23288 23229 14726 16885 12743 9633 9628 17310 7754 11486 7533 4292 7658 11802 2920 6436 7068 8767 5919
internal_count=133312 69710 63602 46654 31761 23056 31841 28921 19261 17035 23425 23288 23229 14726 16885 12743 9633 9628 17310 7754 11486 7533 4292 7658 11802 2920 6436 7068 8767 5919
is_linear=0
shrinkage=0.1


Tree=31
num_leaves=31
num_cat=0
split_feature=0 0 1 2 1 0 2 0 2 1 3 3 2 3 3 3 3 1 1 3 2 3 1 1 0 3 1 2 0 1
split_gain=321.952 87.2859 44.7632 39.4492 34.3073 29.9487 25.7626 23.53 17.0151 16.724 15.1172 13.3019 12.1654 10.2154 10.1001 9.52913 8.91875 8.42351 8.13055 7.77887 7.52757 7.30582 7.25637 6.52318 6.25044 5.99648 5.67111 5.60373 5.35507 5.25437
threshold=-0.43286894460058956 0.80565685850630275 0.58820899522255876 1.0000000180025095e-35 -0.36805381230554191 -1.5438104184792234 1.0000000180025095e-35 1.5529670407841329 1.0000000180025095e-35 0.17733615895908875 1.0000000180025095e-35 1.0000000180025095e-35 1.0000000180025095e-35 1.0000000180025095e-35 1.0000000180025095e-35 1.0000000180025095e-35 1.0000000180025095e-35 -1.1622330680682371 0.32891996553997349 1.0000000180025095e-35 1.0000000180025095e-35 1.0000000180025095e-35 -1.3664141581051636 1.1590219770079691 1.6755083173766263 1.0000000180025095e-35 -0.98071012569754956 1.0000000180025095e-35 1.6616309722471232 -1.5144991847650151
decision_type=2 2 2 2 2 2 2 2 2 2 2 2 2 2 2 2 2 2 2 2 2 2 2 2 2 2 2 2 2 2
left_child=2 3 5 9 12 13 14 8 16 19 18 27 22 -1 26 -8 -6 -12 -5 -2 -13 -11 28 -10 -14 -9 -7 -4 -3 -16
right_child=1 4 11 10 7 6 15 25 23 21 17 20 24 -15 29 -17 -18 -19 -20 -21 -22 -23 -24 -25 -26 -27 -28 -29 -30 -31
leaf_value=-0.020279295438876382 -0.0066834425059719539 -0.0060033657959991131 -0.007583351193054629 -0.00078324308535848849 0.0020928082354995433 -0.017054866094492544 -0.0068140824336441006 0.013129242706384457 0.0098879787949877392 -0.0015634368774781794 0.00043555623446383976 -0.0022833003686709131 0.0058809731649959469 -0.011161519421586134 -0.015878612496310594 -0.0016310419178076794 0.0085163467984405647 0.0075967258872603671 0.0045075627353886169 -0.0018244387392438541 0.003731087473102454 0.003674275967502469 0.0027431147649717557 0.016020313504694426 0.018332678309043692 0.020751446029154019 -0.010968319642522352 -0.0023529898317732113 0.013613195434699932 -0.0066836865823172624
leaf_weight=2426 6585 1775 4068 7107 4321 2227 7006 2116 6347 5285 1969 4159 6687 2490 687 7185 4325 9908 4912 6594 4165 5368 5079 2387 429 2015 4897 4126 151 6516
leaf_count=2426 6585 1775 4068 7107 4321 2227 7006 2116 6347 5285 1969 4159 6687 2490 687 7185 4325 9908 4912 6594 4165 5368 5079 2387 429 2015 4897 4126 151 6516
internal_value=-1.96581e-11 0.00380416 -0.00634839 0.00100822 0.00754923 -0.0084525 -0.00720987 0.0100633 0.00845085 -0.0018706 0.00387934 -0.00208946 0.00371947 -0.0156611 -0.0102012 -0.00418987 0.00530606 0.00640953 0.00137904 -0.00425228 0.000726061 0.00107582 0.000761156 0.0115639 0.00663165 0.0168472 -0.012871 -0.00494966 -0.00446541 -0.00756067
internal_weight=133312 83360 49952 47728 35632 33434 28518 21511 17380 23832 23896 16518 14121 4916 14327 14191 8646 11877 12019 13179 8324 10653 7005 8734 7116 4131 7124 8194 1926 7203
internal_count=133312 83360 49952 47728 35632 33434 28518 21511 17380 23832 23896 16518 14121 4916 14327 14191 8646 11877 12019 13179 8324 10653 7005 8734 7116 4131 7124 8194 1926 7203
is_linear=0
shrinkage=0.1


Tree=32
num_leaves=31
num_cat=0
split_feature=0 0 2 2 1 1 1 1 1 3 3 0 0 3 3 3 3 0 1 2 1 3 1 0 1 1 1 1 3 0
split_gain=263.856 73.9574 38.7332 34.3805 26.7892 19.776 18.8238 17.2368 15.1583 12.7576 12.71 12.2326 12.0349 10.775 10.6854 10.32 10.2551 8.13691 6.81006 6.2218 6.14377 6.04076 6.02519 6.01799 5.74101 5.66065 5.57181 5.4989 5.28785 5.07216
threshold=0.45269217921968474 -0.91060317838706772 1.0000000180025095e-35 1.0000000180025095e-35 -0.17680483436005537 0.91434332804113172 0.61537771934456564 -1.1333956292085314 1.2969728518370454 1.0000000180025095e-35 1.0000000180025095e-35 -1.6509015653174675 1.5529670407841329 1.0000000180025095e-35 1.0000000180025095e-35 1.0000000180025095e-35 1.0000000180025095e-35 -1.664457234418135 -1.2166497752400189 1.0000000180025095e-35 1.4859446410606774 1.0000000180025095e-35 -0.93973856328893646 1.1341786478862106 -1.3517739694608502 -1.2829530085059275 -1.2432879723420092 1.1176565880083282 1.0000000180025095e-35 1.4187955731646051
decision_type=2 2 2 2 2 2 2 2 2 2 2 2 2 2 2 2 2 2 2 2 2 2 2 2 2 2 2 2 2 2
left_child=1 4 5 8 11 9 14 -5 13 22 17 -1 28 18 25 -9 -13 -6 -3 -12 -19 -7 -2 -16 -18 -4 -11 -17 -8 -28
right_child=2 3 6 7 10 21 12 15 -10 26 19 16 -14 -15 23 27 24 20 -20 -21 -22 -23 -24 -25 -26 -27 29 -29 -30 -31
leaf_value=-0.019097088602706546 -0.0050185488259890977 -0.012166664809701314 -0.001070235265863382 -0.0041490518556008601 -0.017345530603622161 0.0048693061959411733 0.0082898523417600442 0.00042221090276112926 0.0027439236281492463 -0.0011113114157598224 -0.0045798256554167157 -0.012369655921330552 0.022317113036793838 -0.0024229886190457409 0.0066982176587883054 0.0035936931343530719 -0.011897054599845617 -0.0074613139047840175 -0.0056514837822632009 0.00075609515007373255 0.00075231501245251345 0.011308841207503924 0.00048483235098248411 0.012066721124654137 -0.0049526988220788444 0.0054648084491718436 0.0037160788054415445 0.0090117859632577665 0.013840244805450874 0.0097005609918311576
leaf_weight=1474 2852 1932 1650 4552 740 2920 3451 10793 3229 1709 4384 6198 1100 11561 4431 8572 1580 6950 9460 4357 1048 2907 6577 3949 4829 6739 5668 2397 3415 1888
leaf_count=1474 2852 1932 1650 4552 740 2920 3451 10793 3229 1709 4384 6198 1100 11561 4431 8572 1580 6950 9460 4357 1048 2907 6577 3949 4829 6739 5668 2397 3415 1888
internal_value=-2.36196e-12 -0.0034056 0.00581171 -0.00110569 -0.00723122 0.00299528 0.00860377 0.00144702 -0.00367127 0.00140976 -0.00461623 -0.0104773 0.0126063 -0.00457375 0.00670241 0.00261756 -0.00946943 -0.00731328 -0.00675641 -0.00192011 -0.00638506 0.00808189 -0.00117978 0.00922808 -0.00666468 0.00417946 0.00404513 0.00477768 0.0110505 0.00521141
internal_weight=133312 84056 49256 52496 31560 24521 24735 26314 26182 18694 17479 14081 7966 22953 16769 21762 12607 8738 11392 8741 7998 5827 9429 8380 6409 8389 9265 10969 6866 7556
internal_count=133312 84056 49256 52496 31560 24521 24735 26314 26182 18694 17479 14081 7966 22953 16769 21762 12607 8738 11392 8741 7998 5827 9429 8380 6409 8389 9265 10969 6866 7556
is_linear=0
shrinkage=0.1


Tree=33
num_leaves=31
num_cat=0
split_feature=0 0 1 2 2 1 0 2 1 1 1 0 0 3 0 3 3 3 3 1 3 1 2 1 3 1 1 1 0 1
split_gain=217.297 58.1743 34.1193 28.6773 25.394 24.162 17.9161 14.1659 13.4681 12.401 12.0021 10.5897 9.84078 9.74758 9.00757 8.95391 7.48888 6.90731 6.75838 6.41986 6.21717 5.57058 5.17676 4.49902 4.34676 4.04378 3.7855 3.70163 3.6763 3.53085
threshold=-0.43286894460058956 0.90311473590117242 -1.0494187911788677 1.0000000180025095e-35 1.0000000180025095e-35 1.1590219770079691 1.6211908948580041 1.0000000180025095e-35 -0.45075212487338007 1.0644463340648518 1.2683531196907678 -1.6369544238483387 -1.5841043117019982 1.0000000180025095e-35 -1.4879188024431256 1.0000000180025095e-35 1.0000000180025095e-35 1.0000000180025095e-35 1.0000000180025095e-35 -1.0903787746241169 1.0000000180025095e-35 1.1176565880083282 1.0000000180025095e-35 -1.5413612083934509 1.0000000180025095e-35 1.2545506272603555 -1.1894380865315706 -1.2166497752400189 1.0528635248654099 1.6625467557041274
decision_type=2 2 2 2 2 2 2 2 2 2 2 2 2 2 2 2 2 2 2 2 2 2 2 2 2 2 2 2 2 2
left_child=2 3 14 8 10 6 7 17 23 13 12 -6 -4 26 24 25 28 -3 -10 -9 -14 -17 -16 -2 -1 -13 -5 -15 -7 -30
right_child=1 5 4 9 11 16 -8 19 18 -11 -12 15 20 27 22 21 -18 -19 -20 -21 -22 -23 -24 -25 -26 -27 -28 -29 29 -31
leaf_value=-0.021677223661496142 -0.009505018476328727 -0.00064738676087848718 -0.014289111769423716 -0.0037497063156272641 -0.0094877297572255187 0.00066918419150689646 0.011935802884972759 0.0023345440423927599 -0.0016361393560808887 0.0078458521414839499 -0.00091378521098048164 -0.0039431742050164394 -0.0087006922607616843 0.00054429620041610298 -0.011576706247394118 0.00012500101657530714 0.016481186970450597 0.0042401813914588063 0.0024613562764201503 0.0079699630486302787 -0.0046146128423003334 0.0060148578712831413 -0.0064560205897932479 -0.003396601226482682 -0.012102611650621068 0.0016158117379844702 0.0010866515336448721 0.0053989172920348091 0.009126624262174891 0.021480320332246079
leaf_weight=910 1416 5837 1904 2006 1501 448 3492 2602 7951 5043 3289 7571 7435 1932 3953 7359 2608 5730 8153 9061 7460 2054 3944 8121 990 1582 8376 8398 1923 263
leaf_count=910 1416 5837 1904 2006 1501 448 3492 2602 7951 5043 3289 7571 7435 1932 3953 7359 2608 5730 8153 9061 7460 2054 3944 8121 990 1582 8376 8398 1923 263
internal_value=-9.17504e-12 0.00312529 -0.00521549 0.00104198 -0.00392456 0.0064751 0.00525738 0.00425346 -0.00132539 0.00339888 -0.006438 -0.00140849 -0.00751956 0.00231612 -0.0105066 -0.000755314 0.0126827 0.00177379 0.000438307 0.00671271 -0.00665422 0.00141022 -0.00901928 -0.00430354 -0.0166883 -0.00298236 0.000152175 0.00449097 0.00892165 0.0106129
internal_weight=133312 83360 49952 51396 40155 31964 26722 23230 25641 25755 20088 20067 16799 20712 9797 18566 5242 11567 16104 11663 14895 9413 7897 9537 1900 9153 10382 10330 2634 2186
internal_count=133312 83360 49952 51396 40155 31964 26722 23230 25641 25755 20088 20067 16799 20712 9797 18566 5242 11567 16104 11663 14895 9413 7897 9537 1900 9153 10382 10330 2634 2186
is_linear=0
shrinkage=0.1


Tree=34
num_leaves=31
num_cat=0
split_feature=0 0 2 1 2 1 1 1 0 3 0 3 3 3 0 0 1 3 3 1 1 3 2 0 1 2 1 0 2 1
split_gain=178.143 52.0214 27.8965 27.04 20.2577 16.0677 14.0843 13.119 11.9794 10.4324 10.2187 9.9917 8.88862 6.92407 6.59057 6.40905 6.03188 5.86457 5.73242 5.6945 5.55808 5.04323 4.91554 4.72832 4.45809 3.67713 3.66091 3.52795 3.51579 3.50709
threshold=0.46641650903324866 -1.1582719766168734 1.0000000180025095e-35 -0.93973856328893646 1.0000000180025095e-35 -1.1034040945846899 -0.12237029926445663 1.2969728518370454 1.5940659747050052 1.0000000180025095e-35 1.4187955731646051 1.0000000180025095e-35 1.0000000180025095e-35 1.0000000180025095e-35 1.6484719797302079 -1.664457234418135 -1.2166497752400189 1.0000000180025095e-35 1.0000000180025095e-35 1.2141965019839203 1.6202060244762915 1.0000000180025095e-35 1.0000000180025095e-35 -1.6912697975268183 1.2141965019839203 1.0000000180025095e-35 1.5112445122726588 -1.7184158235506455 1.0000000180025095e-35 -0.74737889880155994
decision_type=2 2 2 2 2 2 2 2 2 2 2 2 2 2 2 2 2 2 2 2 2 2 2 2 2 2 2 2 2 2
left_child=1 5 7 14 10 23 21 11 12 15 13 16 -6 -5 18 -7 -3 -8 28 27 -15 -4 -17 -1 -14 -25 -12 -11 -2 -13
right_child=3 2 6 4 8 9 17 -9 -10 19 26 29 24 20 -16 22 -18 -19 -20 -21 -22 -23 -24 25 -26 -27 -28 -29 -30 -31
leaf_value=-0.025190624773412863 -0.0050597269916304189 -0.010741950165693312 -0.0033492098392925718 0.00023365434250397933 0.005259718254644827 -0.015174727357517051 0.00090797595609829656 0.0020311614560134012 0.015770348241794338 -0.018349693211929759 0.0070072633045062289 -0.0045918322305335884 0.0087389144658761297 0.0040796613139057712 0.0095605094745789612 -0.0095948890384335642 -0.0051473434841940481 0.0046567750847647492 0.0022251872232885101 0.0019584108708600497 0.018151526247769428 0.00037829608104778326 -0.004604039278165971 -0.01491075504184286 0.014601989212599767 -0.0086199650211942688 0.017263366603587401 -0.0041377077538551953 9.5635400418763266e-05 -0.0011782134148329321
leaf_weight=281 2616 2323 7172 7095 8417 1118 8286 3880 1985 179 4260 4446 6791 6679 751 3924 11309 8407 5187 1686 293 7349 3970 1842 1603 1875 379 7217 2676 9316
leaf_count=281 2616 2323 7172 7095 8417 1118 8286 3880 1985 179 4260 4446 6791 6679 751 3924 11309 8407 5187 1686 293 7349 3970 1842 1603 1875 379 7217 2676 9316
internal_value=6.32404e-12 -0.00277474 -0.00130014 0.00481589 0.0061049 -0.00694572 0.000814781 -0.003411 0.0084235 -0.00567803 0.00377515 -0.00418181 0.00755601 0.00243294 0.000511279 -0.00808852 -0.00610071 0.00279596 -0.000137253 -0.00328612 0.00467103 -0.00146274 -0.00708492 -0.012683 0.00985858 -0.0117374 0.00784517 -0.00448167 -0.00245282 -0.00228103
internal_weight=133312 84580 62488 48732 37502 22092 31214 31274 18796 18094 18706 27394 16811 14067 11230 9012 13632 16693 10479 9082 6972 14521 7894 3998 8394 3717 4639 7396 5292 13762
internal_count=133312 84580 62488 48732 37502 22092 31214 31274 18796 18094 18706 27394 16811 14067 11230 9012 13632 16693 10479 9082 6972 14521 7894 3998 8394 3717 4639 7396 5292 13762
is_linear=0
shrinkage=0.1


Tree=35
num_leaves=31
num_cat=0
split_feature=0 0 1 2 2 1 1 0 3 1 3 3 3 0 3 1 0 1 0 1 4 1 0 1 0 1 0 2 0 0
split_gain=148.979 37.5548 24.8154 23.6739 19.4924 14.9237 11.3243 10.8393 10.6014 10.0125 9.47069 7.80029 7.46837 6.1197 5.17427 4.71947 4.70034 4.51535 4.23208 4.15878 4.08053 4.06812 4.04652 3.68408 3.54638 3.51778 3.48166 3.43598 3.35088 3.30643
threshold=-0.35199527990260837 1.2713524307979476 1.2403971821142508 1.0000000180025095e-35 1.0000000180025095e-35 -0.25993488899874401 1.4317441672950451 -1.3625755412760026 1.0000000180025095e-35 1.2825421071128034 1.0000000180025095e-35 1.0000000180025095e-35 1.0000000180025095e-35 -1.4469831159870632 1.0000000180025095e-35 -1.5413612083934509 1.6616309722471232 -0.96723971438260092 1.6484719797302079 -1.1034040945846899 1.0000000180025095e-35 -1.3098536991182359 -1.6771782804462929 -1.5013171877676104 0.49289244727721204 -1.2829530085059275 1.6347047388440266 1.0000000180025095e-35 -1.664457234418135 -0.29923375264560831
decision_type=2 2 2 2 2 2 2 2 2 2 2 2 2 2 2 2 2 2 2 2 2 2 2 2 2 2 2 2 2 2
left_child=2 3 4 9 7 16 12 19 26 11 13 15 17 -6 -9 -2 21 -5 27 -1 -15 -3 -12 -16 -14 -24 -7 -10 -4 -8
right_child=1 5 28 6 10 8 29 14 18 -11 22 -13 24 20 23 -17 -18 -19 -20 -21 -22 -23 25 -25 -26 -27 -28 -29 -30 -31
leaf_value=-0.015856601580855483 -0.0098869977735744682 -0.0016361736770922699 -0.0082334440205445031 -0.001837845234075537 -0.0095482442732086267 0.0047401005523693895 -0.0074184466384077845 -0.007511714122902368 0.0083569401069071309 0.0042661629591282174 -0.010171018260897079 0.00062070826444160412 0.0030169018593500241 -0.0052925426588236752 -0.011160964418594554 -0.0022860292711352095 0.0093009258153404686 0.0023065007189182873 0.018950949764198397 -0.0093536908674873281 -0.00073995688381865016 0.003937089282131513 -0.0047332048833694899 -0.0033964914795969084 0.006167978534949335 0.00022376279406359137 0.011062246564776055 0.014069244126477358 0.0017081910655814593 0.01035565105589098
leaf_weight=1239 873 1836 356 3476 2328 4101 109 8358 2107 4019 453 13485 7438 5964 663 12706 1143 10788 849 4768 2939 4569 1688 7805 6871 9427 1106 2105 7114 2629
leaf_count=1239 873 1836 356 3476 2328 4101 109 8358 2107 4019 453 13485 7438 5964 663 12706 1143 10788 849 4768 2939 4569 1688 7805 6871 9427 1106 2105 7114 2629
internal_value=4.26958e-12 0.00272 -0.00410854 0.00156375 -0.00498318 0.00676935 0.00350453 -0.00704844 0.0092508 -0.000391265 -0.00291484 -0.00108289 0.00291583 -0.00498333 -0.0057466 -0.0027747 0.00339368 0.00129656 0.01251 -0.010695 -0.00378967 0.00233951 -0.000906614 -0.00400441 0.00453001 -0.000529036 0.00608296 0.0112117 0.0012344 0.00964806
internal_weight=133312 80210 53102 62394 45632 17816 31311 22833 10268 31083 22799 27064 28573 11231 16826 13579 7548 14264 5061 6007 8903 6405 11568 8468 14309 11115 5207 4212 7470 2738
internal_count=133312 80210 53102 62394 45632 17816 31311 22833 10268 31083 22799 27064 28573 11231 16826 13579 7548 14264 5061 6007 8903 6405 11568 8468 14309 11115 5207 4212 7470 2738
is_linear=0
shrinkage=0.1


Tree=36
num_leaves=31
num_cat=0
split_feature=0 0 1 1 1 0 2 2 0 2 0 2 3 1 0 1 1 1 3 0 3 3 1 3 3 0 3 1 3 0
split_gain=122.577 27.2932 22.4176 16.716 14.2927 13.2559 12.8302 12.6491 8.86354 7.526 6.66221 6.63039 6.51636 5.99812 4.89504 4.58227 4.41483 4.17368 3.99243 3.9844 3.74931 3.59472 3.36621 3.19683 3.16546 3.0408 3.00415 2.97015 2.5916 2.37844
threshold=0.15075481165407367 -1.0633242101616847 0.41105895368209155 -1.2020620025358399 0.73787789902112111 1.2993605590551378 1.0000000180025095e-35 1.0000000180025095e-35 -1.6771782804462929 1.0000000180025095e-35 1.4051243056262674 1.0000000180025095e-35 1.0000000180025095e-35 -1.4479567955511441 1.6347047388440266 1.365020779073584 1.5932765350228384 1.4719522576499282 1.0000000180025095e-35 1.4983336419829485 1.0000000180025095e-35 1.0000000180025095e-35 1.1590219770079691 1.0000000180025095e-35 1.0000000180025095e-35 1.6755083173766263 1.0000000180025095e-35 1.3906920578122943 1.0000000180025095e-35 -1.2135711569050573
decision_type=2 2 2 2 2 2 2 2 2 2 2 2 2 2 2 2 2 2 2 2 2 2 2 2 2 2 2 2 2 2
left_child=1 4 6 -3 8 11 13 12 -1 20 18 16 27 -2 24 21 -4 26 -8 28 -10 -9 -14 -13 -7 -12 -6 -5 -15 -19
right_child=2 3 5 7 17 14 10 15 9 -11 25 23 22 19 -16 -17 -18 29 -20 -21 -22 -23 -24 -25 -26 -27 -28 -29 -30 -31
leaf_value=-0.014232965839939261 -0.0045390697976566688 -0.005768243130293841 0.001500093683573832 -0.00477836161192223 -0.0054499604114272822 0.0056661581152961686 0.0010648672960904488 -0.00078965563263736459 -0.010437545301374591 -0.0041104381097849668 0.0060643612940033918 0.0043003374950215745 -0.0014110670472534303 -0.001335091936429199 0.014811864915389147 0.0052303463882619342 0.008984384296311829 0.00047157174265604636 0.0043282663942865894 0.0044710457271133408 -0.0062139329827987956 0.0020956272694281058 0.0032752019155271022 0.0082042186629928335 0.010709947708321198 0.013510008641098853 -0.0008093176918142754 0.00073571100936873528 0.0014043286228121237 0.0090524453322523239
leaf_weight=1511 2567 7198 7479 8664 2751 2521 7547 8510 4249 8354 3247 4162 8092 6997 1420 2531 881 1509 7449 2350 4159 8766 1891 4229 2457 660 2830 1101 6819 411
leaf_count=1511 2567 7198 7479 8664 2751 2521 7547 8510 4249 8354 3247 4162 8092 6997 1420 2531 881 1509 7449 2350 4159 8766 1891 4229 2457 660 2830 1101 6819 411
internal_value=-1.15865e-11 -0.002776 0.00331224 -0.00133566 -0.00538871 0.00576093 0.00180612 -0.000529044 -0.00689747 -0.00623622 0.00364415 0.00428202 -0.00231996 -4.85964e-05 0.00963294 0.00125654 0.00228881 -0.00171325 0.0026859 0.000664446 -0.00834834 0.000674363 -0.000523385 0.00626786 0.00815563 0.00732214 -0.00309679 -0.00415665 1.69715e-05 0.00230841
internal_weight=133312 72527 60785 46753 25774 23149 37636 39555 18273 16762 18903 16751 19748 18733 6398 19807 8360 7501 14996 16166 8408 17276 9983 8391 4978 3907 5581 9765 13816 1920
internal_count=133312 72527 60785 46753 25774 23149 37636 39555 18273 16762 18903 16751 19748 18733 6398 19807 8360 7501 14996 16166 8408 17276 9983 8391 4978 3907 5581 9765 13816 1920
is_linear=0
shrinkage=0.1


Tree=37
num_leaves=31
num_cat=0
split_feature=0 0 1 1 2 2 3 0 0 1 1 1 1 3 3 1 0 0 3 1 0 1 1 0 3 1 3 0 3 3
split_gain=100.975 27.851 18.3379 16.1565 12.2707 10.9291 9.8262 6.58558 6.34275 5.7681 5.72087 5.56507 5.41321 5.20794 5.16176 4.95129 4.74561 4.64588 4.56369 3.73434 3.66403 3.5858 3.33064 3.17275 2.86098 2.82864 2.63928 2.34464 2.28896 2.28052
threshold=-0.44625749513813645 0.66822811459745068 -1.0494187911788677 0.91434332804113172 1.0000000180025095e-35 1.0000000180025095e-35 1.0000000180025095e-35 1.6347047388440266 -1.664457234418135 1.6473880431450916 0.17733615895908875 1.2000602348101583 -1.2166497752400189 1.0000000180025095e-35 1.0000000180025095e-35 -1.4069152600807204 1.6897037770005499 -1.4597597485600116 1.0000000180025095e-35 -1.2020620025358399 1.4587152213936438 1.2545506272603555 1.1176565880083282 -1.3325181519180707 1.0000000180025095e-35 1.4582786588247054 1.0000000180025095e-35 -1.6771782804462929 1.0000000180025095e-35 1.0000000180025095e-35
decision_type=2 2 2 2 2 2 2 2 2 2 2 2 2 2 2 2 2 2 2 2 2 2 2 2 2 2 2 2 2 2
left_child=2 5 14 6 8 10 15 9 -4 24 -2 19 -8 23 17 -3 -17 -1 -10 -7 -14 -20 -15 -6 -5 29 -21 -16 -9 -12
right_child=1 3 4 7 13 11 12 28 18 -11 25 -13 20 22 27 16 -18 -19 21 26 -22 -23 -24 -25 -26 -27 -28 -29 -30 -31
leaf_value=-0.015803523995833454 -0.0027239765684181337 -0.0035498946560957069 -0.011970874209942592 0.0039852143778684986 -0.005164907938231488 -0.0018172790319573818 0.00087298162308998846 0.010896618030031269 -0.0055374629282883411 0.014621963994895024 -0.0019333835392459711 0.0056266898779484239 0.0045553914008043036 -0.00023592092614852552 -0.015233018423426446 0.0014067731945791922 0.011041747324984466 -0.0081995853042131344 -0.0033112868236120671 0.00057884834575495274 0.008449555031747014 0.0018397586725189411 0.0041783165892947862 -0.0012957630708694289 0.0077850143416156887 0.0042520387538852169 0.0032527511760120226 -0.0047386623068791751 0.021021596971296391 0.0014554809730879222
leaf_weight=1023 11887 1996 1046 3956 3094 3287 3053 468 9351 836 3972 3427 9294 7864 223 13075 532 3745 7838 7417 3265 1633 2184 6728 3970 1703 7349 4698 427 3971
leaf_count=1023 11887 1996 1046 3956 3094 3287 3053 468 9351 836 3972 3427 9294 7864 223 13075 532 3745 7838 7417 3265 1633 2184 6728 3970 1703 7349 4698 427 3971
internal_value=-8.34349e-12 0.00211258 -0.00358536 0.00398182 -0.00263425 0.000336379 0.00287596 0.00755636 -0.00439158 0.00672175 -0.00125567 0.00193236 0.00464968 -0.000877099 -0.00748619 0.00110121 0.00178348 -0.00983105 -0.00397037 0.00123106 0.00556777 -0.00242314 0.000723543 -0.00251457 0.00588847 0.000553757 0.00190964 -0.00521422 0.0157272 -0.000239165
internal_weight=133312 83885 49427 40872 39738 43013 31215 9657 19868 8762 21533 21480 15612 19870 9689 15603 13607 4768 18822 18053 12559 9471 10048 9822 7926 9646 14766 4921 895 7943
internal_count=133312 83885 49427 40872 39738 43013 31215 9657 19868 8762 21533 21480 15612 19870 9689 15603 13607 4768 18822 18053 12559 9471 10048 9822 7926 9646 14766 4921 895 7943
is_linear=0
shrinkage=0.1


Tree=38
num_leaves=31
num_cat=0
split_feature=0 0 1 2 1 1 2 2 0 3 0 0 0 1 0 1 1 1 1 1 3 0 2 1 3 0 1 1 3 3
split_gain=82.2027 23.7587 15.3706 13.0581 12.5803 9.82789 7.55144 6.38433 6.27266 5.80732 4.6099 4.6002 4.58896 4.21659 4.15615 4.0143 3.638 2.96509 2.95887 2.89444 2.86396 3.50041 2.79868 2.7688 2.70482 2.60807 2.80655 2.48094 2.35598 2.30038
threshold=0.43908225345892166 -0.63475074041625767 1.2141965019839203 1.0000000180025095e-35 0.39752950442367924 -1.1894380865315706 1.0000000180025095e-35 1.0000000180025095e-35 1.4587152213936438 1.0000000180025095e-35 -1.5155291986113173 -1.664457234418135 -1.7052773815020628 1.6473880431450916 1.6484719797302079 1.4719522576499282 1.1590219770079691 -1.4612563378290384 -1.4752323715718638 -1.2301061036840515 1.0000000180025095e-35 1.0253162623782182 1.0000000180025095e-35 -1.392920529705661 1.0000000180025095e-35 1.6211908948580041 -1.4333464172982049 -1.5013171877676104 1.0000000180025095e-35 1.0000000180025095e-35
decision_type=2 2 2 2 2 2 2 2 2 2 2 2 2 2 2 2 2 2 2 2 2 2 2 2 2 2 2 2 2 2
left_child=1 4 3 9 6 29 10 -7 23 18 28 -6 -8 14 20 22 -9 -14 -2 -10 -4 -22 -13 -5 -25 26 -11 -12 -1 -3
right_child=2 5 13 8 11 7 12 16 19 25 27 15 17 -15 -16 -17 -18 -19 -20 -21 21 -23 -24 24 -26 -27 -28 -29 -30 -31
leaf_value=-0.01347371817841209 -0.0060783233111488429 -0.0057046856167413933 0.0035487393935712979 -0.0001209066232762535 -0.0080047997117065044 -0.0009098012033257086 -0.014712869459617651 0.001072181476197083 0.0018800603752873947 -0.0031738405146192147 -0.01016847618804184 -0.0032763726652477914 -0.0069078669896680423 0.013071033457489292 0.016224100534290669 0.0023458064233108701 0.0046712223289474024 -0.0023440994890750722 -0.00038212827615343332 0.0086813566194573737 0.004387217430245398 0.011322454789097573 -0.00026134990099075831 0.0024678568090842593 0.0051795211920906171 0.0075672837465537157 0.0024898138323591339 -0.0051955523886450632 -0.0073913893317591618 -0.001940755071376588
leaf_weight=1294 1007 3191 2962 2029 993 17423 340 14023 751 974 1125 6170 1637 1121 404 2931 3512 10921 9658 3751 1411 1503 6145 7379 7335 892 8603 9267 1254 3306
leaf_count=1294 1007 3191 2962 2029 993 17423 340 14023 751 974 1125 6170 1637 1121 404 2931 3512 10921 9658 3751 1411 1503 6145 7379 7335 892 8603 9267 1254 3306
internal_value=2.66541e-12 -0.00191694 0.00321668 0.00248235 -0.00359093 -0.000217844 -0.00496172 0.000445937 0.00423311 0.000722395 -0.00666851 -0.00140984 -0.00324938 0.0074215 0.00641304 -0.0009803 0.00179302 -0.00293901 -0.000919969 0.0075468 0.00573849 0.00796431 -0.00177192 0.0033421 0.00381963 0.00239551 0.00191381 -0.0057339 -0.0104803 -0.00378941
internal_weight=133312 83532 49780 42379 42077 41455 25838 34958 21245 21134 12940 16239 12898 7401 6280 15246 17535 12558 10665 4502 5876 2914 12315 16743 14714 10469 9577 10392 2548 6497
internal_count=133312 83532 49780 42379 42077 41455 25838 34958 21245 21134 12940 16239 12898 7401 6280 15246 17535 12558 10665 4502 5876 2914 12315 16743 14714 10469 9577 10392 2548 6497
is_linear=0
shrinkage=0.1


Tree=39
num_leaves=31
num_cat=0
split_feature=0 2 1 0 1 3 0 1 0 3 0 1 3 1 1 2 3 1 3 2 2 0 1 0 1 0 1 4 0 1
split_gain=66.9836 16.6339 14.815 11.0216 8.2362 7.06616 7.03483 6.30774 6.02511 5.78198 5.47231 4.84644 4.66832 3.54843 3.43914 3.2239 3.12821 2.93072 2.89025 2.56707 2.48702 2.13916 2.08573 1.9692 1.94647 1.93673 2.2522 1.91259 1.90014 2.21026
threshold=-0.23072843377597085 1.0000000180025095e-35 -0.30123528521328197 1.2301100328484971 -0.95303886162758167 1.0000000180025095e-35 -1.5841043117019982 1.4317441672950451 1.4187955731646051 1.0000000180025095e-35 -1.4597597485600116 1.0233647397699486 1.0000000180025095e-35 -1.4333464172982049 1.3106315611763606 1.0000000180025095e-35 1.0000000180025095e-35 1.5263981832552547 1.0000000180025095e-35 1.0000000180025095e-35 1.0000000180025095e-35 1.6616309722471232 -1.3792605562038578 -1.0906436271431159 1.5263981832552547 -1.6509015653174675 -1.5013171877676104 1.0000000180025095e-35 1.6616309722471232 -1.6792385571657114
decision_type=2 2 2 2 2 2 2 2 2 2 2 2 2 2 2 2 2 2 2 2 2 2 2 2 2 2 2 2 2 2
left_child=2 4 5 7 28 10 -4 13 12 19 -1 18 27 -3 20 25 -15 -14 -5 -8 -11 -13 -12 -17 -10 -7 -27 -6 29 -2
right_child=1 3 6 11 8 15 9 -9 24 14 22 21 17 16 -16 23 -18 -19 -20 -21 -22 -23 -24 -25 -26 26 -28 -29 -30 -31
leaf_value=-0.010809190012389516 -0.0085732946908326103 -0.0016477594017026819 -0.0055716453425520094 0.0032812955275426966 -0.0016143447662210876 -0.011884015512590419 -0.003441127699279318 0.0073082839428313022 0.0039770473384875341 -0.0015633676622861066 -0.0077666424556617226 0.0095041783979467089 0.0015775936733967541 0.0012032131461994595 0.0035156962729708469 -0.0032478531041880265 0.0035215540523622921 0.0073421455344189245 0.0071476957577950063 -0.00083589471509851643 0.0012856356893257866 0.019230967363783328 -0.004360067134350133 0.00038193119701476958 0.01167082695976839 -0.0085313488428081421 -0.003110483380251103 0.0010244894774932142 0.0053839611024252519 -0.0021161148353543058
leaf_weight=2124 570 2439 3348 3839 8192 329 7539 2433 4308 6180 2388 1691 11246 11651 3233 2597 11630 957 3895 7590 6077 261 7266 3521 356 915 4720 4132 312 7573
leaf_count=2124 570 2439 3348 3839 8192 329 7539 2433 4308 6180 2388 1691 11246 11651 3233 2597 11630 957 3895 7590 6077 261 7266 3521 356 915 4720 4132 312 7573
internal_value=2.86477e-12 0.00196193 -0.00256103 0.0034426 0.00047368 -0.00447079 -0.00121952 0.00244153 0.00126972 -0.000743645 -0.00621376 0.00635226 0.000643231 0.00198116 0.000614425 -0.00277168 0.00236134 0.00202967 0.00522849 -0.00213412 -0.000150837 0.0108047 -0.00520271 -0.00115886 0.00456431 -0.00442614 -0.00399071 -0.000729594 -0.00227467 -0.00256811
internal_weight=133312 75485 57827 37839 37646 23860 33967 28153 29191 30619 11778 9686 24527 25720 15490 12082 23281 12203 7734 15129 12257 1952 9654 6118 4664 5964 5635 12324 8455 8143
internal_count=133312 75485 57827 37839 37646 23860 33967 28153 29191 30619 11778 9686 24527 25720 15490 12082 23281 12203 7734 15129 12257 1952 9654 6118 4664 5964 5635 12324 8455 8143
is_linear=0
shrinkage=0.1


Tree=40
num_leaves=31
num_cat=0
split_feature=0 0 1 1 2 1 3 0 3 1 2 0 3 1 1 0 1 3 0 2 3 0 1 0 0 3 1 3 1 2
split_gain=56.34 17.0805 10.4903 10.4823 7.60927 6.67302 5.31936 4.32998 4.22301 4.21147 3.96397 3.44547 3.25886 2.9907 2.7906 2.66816 2.50443 2.47977 2.54309 2.39875 2.34743 2.3252 2.19325 2.0966 2.0871 2.00612 1.97546 1.95131 1.93523 1.92689
threshold=0.46641650903324866 -1.1582719766168734 0.91434332804113172 0.34340692341768231 1.0000000180025095e-35 -1.1034040945846899 1.0000000180025095e-35 1.6347047388440266 1.0000000180025095e-35 1.6473880431450916 1.0000000180025095e-35 1.6755083173766263 1.0000000180025095e-35 -1.392920529705661 -1.0494187911788677 -1.664457234418135 1.70236410240915 1.0000000180025095e-35 0.98454549284522419 1.0000000180025095e-35 1.0000000180025095e-35 -1.6912697975268183 0.94173826827373641 1.6897037770005499 -1.7184158235506455 1.0000000180025095e-35 -0.92539643489187096 1.0000000180025095e-35 1.1176565880083282 1.0000000180025095e-35
decision_type=2 2 2 2 2 2 2 2 2 2 2 2 2 2 2 2 2 2 2 2 2 2 2 2 2 2 2 2 2 2
left_child=1 5 4 6 12 21 14 9 15 17 -5 13 23 -6 -3 -7 24 -4 -19 -8 -15 -1 -9 26 -10 -23 -2 -24 -29 -17
right_child=2 3 7 10 11 8 19 22 16 -11 -12 -13 -14 20 -16 29 -18 18 -20 -21 -22 25 27 -25 -26 -27 -28 28 -30 -31
leaf_value=-0.016418836366888998 -0.0033714477651055476 -0.004742335941155835 0.0025302396536678977 -0.00038983421189486898 -0.00025815204160225494 -0.0092392960898594837 -0.0017225485591622865 0.035860846552374849 -0.011606003404970136 0.010880672517998458 0.00212444863408341 0.0098070038066098136 0.0017906369739636764 0.0023115903144051756 -0.0021259592155596207 -0.005591069057799017 0.014986901942950985 0.0031482454581479528 0.007783958016083916 0.00053527794415643968 0.0047717695765681929 -0.009352677961261692 0.0064323619204515129 0.0070772999631040778 -0.0015416282727798306 -0.0047054818661647693 -0.00016033128936629912 0.029314697832735472 0.012439994039488268 -0.0024663020846739164
leaf_weight=281 2766 6039 4822 12552 2396 1118 9390 37 211 1023 12530 783 9178 7781 12545 3924 90 2116 2685 9432 7733 1823 448 321 8781 1894 6233 86 324 3970
leaf_count=281 2766 6039 4822 12552 2396 1118 9390 37 211 1023 12530 783 9178 7781 12545 3924 90 2116 2685 9432 7733 1823 448 321 8781 1894 6233 86 324 3970
internal_value=-4.41137e-12 -0.00156044 0.00270832 -0.000715481 0.00189101 -0.00395043 -0.00177606 0.00534213 -0.00313348 0.00478051 0.000866205 0.00331391 0.000453104 0.00303004 -0.00297617 -0.00466712 -0.00161166 0.00413202 0.00574081 -0.000591116 0.00353787 -0.00764778 0.0120225 -0.000864051 -0.00177779 -0.0069847 -0.00114732 0.0109945 0.0159796 -0.00401958
internal_weight=133312 84580 48732 62488 37191 22092 37406 11541 18094 10646 25082 18693 18498 17910 18584 9012 9082 9623 4801 18822 15514 3998 895 9320 8992 3717 8999 858 410 7894
internal_count=133312 84580 48732 62488 37191 22092 37406 11541 18094 10646 25082 18693 18498 17910 18584 9012 9082 9623 4801 18822 15514 3998 895 9320 8992 3717 8999 858 410 7894
is_linear=0
shrinkage=0.1


Tree=41
num_leaves=31
num_cat=0
split_feature=0 0 1 1 3 0 2 1 2 1 3 0 1 0 1 2 4 2 1 0 1 3 1 2 3 1 4 1 1 1
split_gain=46.4942 13.4974 9.64491 8.31805 6.29201 6.15436 5.73212 3.80021 3.72505 3.36604 3.18384 3.09081 2.70778 2.6828 2.64971 2.52912 2.47879 2.33096 2.25482 2.22617 2.21473 2.12419 2.04857 2.01422 1.92857 1.85714 1.85453 1.92034 1.71181 1.67996
threshold=-0.44625749513813645 1.1341786478862106 0.57417055469678691 0.81886648992186473 1.0000000180025095e-35 -1.3479419897304001 1.0000000180025095e-35 -1.1622330680682371 1.0000000180025095e-35 1.2000602348101583 1.0000000180025095e-35 -1.7052773815020628 1.4048466568960576 1.5940659747050052 -1.6518870139517692 1.0000000180025095e-35 1.0000000180025095e-35 1.0000000180025095e-35 0.50741869166641418 0.98454549284522419 0.96965577235158074 1.0000000180025095e-35 1.6625467557041274 1.0000000180025095e-35 1.0000000180025095e-35 -1.1622330680682371 1.0000000180025095e-35 -1.6121428977731687 -1.0903787746241169 1.6329520483733682
decision_type=2 2 2 2 2 2 2 2 2 2 2 2 2 2 2 2 2 2 2 2 2 2 2 2 2 2 2 2 2 2
left_child=2 3 5 6 7 11 14 -3 24 13 16 -1 23 -6 -2 29 -5 28 -15 22 -18 -16 -12 -9 -7 -8 27 -10 -13 -4
right_child=1 4 15 10 9 8 25 12 26 -11 19 17 -14 18 21 -17 20 -19 -20 -21 -22 -23 -24 -25 -26 -27 -28 -29 -30 -31
leaf_value=-0.011866204186910081 -0.0071646301124268343 -0.0022659510997749279 -0.0021300351696947792 -6.5372288275019616e-05 0.0035474047992427333 -0.0050894194610539715 -0.00060154859349910179 0.00051991024954305999 -0.0085919945195367352 0.0092797373698701151 0.0029537408404696941 -0.0098133982667403981 0.0072977027905964473 0.0057344036606799291 -0.0019665661798023626 0.00076677194063876704 0.010307406343304995 -0.0034488877286789491 0.013258034578790878 0.0089710951298512583 0.0024189052911012619 1.4065891003389508e-05 0.0091288266545857307 0.0035807138398331268 -0.0025187587565398285 0.0015749220321604378 0.00054527866831651287 -0.0017662371354508586 -0.0054397046189415838 0.0030941746221618978
leaf_weight=715 716 1879 7573 5294 7568 5804 5065 4308 437 1687 6709 1245 1109 1692 10888 8310 424 4563 521 811 2216 10772 584 4292 5870 17350 3804 7254 3182 670
leaf_count=715 716 1879 7573 5294 7568 5804 5065 4308 437 1687 6709 1245 1109 1692 10888 8310 424 4563 521 811 2216 10772 584 4292 5870 17350 3804 7254 3182 670
internal_value=1.49011e-11 0.00143352 -0.0024329 0.000652579 0.0034939 -0.00342414 -4.71585e-05 0.0018505 -0.0025386 0.00515449 0.00260681 -0.00553822 0.00264717 0.00444298 -0.0011794 -0.000464314 0.00118283 -0.00503494 0.00750567 0.00400092 0.00368585 -0.000981554 0.00344822 0.00204746 -0.00379682 0.00108312 -0.00126079 -0.00215407 -0.00666971 -0.00170541
internal_weight=133312 83885 49427 60829 23056 32874 44791 11588 23169 11468 16038 9705 9709 9781 22376 16553 7934 8990 2213 8104 2640 21660 7293 8600 11674 22415 11495 7691 4427 8243
internal_count=133312 83885 49427 60829 23056 32874 44791 11588 23169 11468 16038 9705 9709 9781 22376 16553 7934 8990 2213 8104 2640 21660 7293 8600 11674 22415 11495 7691 4427 8243
is_linear=0
shrinkage=0.1


Tree=42
num_leaves=31
num_cat=0
split_feature=0 3 2 0 1 0 1 1 1 1 1 1 0 3 1 0 2 0 1 0 1 3 0 2 0 3 2 1 1 1
split_gain=38.5226 11.2503 8.15372 6.84248 6.35488 5.17126 4.46801 4.46762 4.22567 4.02807 2.88787 2.8395 2.72808 2.7082 2.48241 2.4511 2.41801 2.22538 1.99446 1.57135 1.51976 1.46864 1.44701 1.43 1.40359 1.35471 1.31814 1.29902 1.28095 1.34525
threshold=0.23571568079892355 1.0000000180025095e-35 1.0000000180025095e-35 -1.3066071906808669 1.1590219770079691 1.6484719797302079 -0.7602471840274786 0.14962634069378936 -1.3517739694608502 -0.86892668060500788 1.365020779073584 1.0000000180025095e-35 -1.0906436271431159 1.0000000180025095e-35 1.5932765350228384 1.6211908948580041 1.0000000180025095e-35 1.337431268398986 1.6473880431450916 -1.6369544238483387 0.76572012411968571 1.0000000180025095e-35 -1.7184158235506455 1.0000000180025095e-35 0.249236792683561 1.0000000180025095e-35 1.0000000180025095e-35 -1.7205329913411653 -0.78752140502819434 -1.528189220482731
decision_type=2 2 2 2 2 2 2 2 2 2 2 2 2 2 2 2 2 2 2 2 2 2 2 2 2 2 2 2 2 2
left_child=1 3 9 11 8 7 28 13 -3 25 16 22 23 24 15 21 -8 18 -9 -6 -7 -11 -1 -10 -4 -2 -14 -15 29 -5
right_child=2 4 5 6 19 20 10 17 12 14 -12 -13 26 27 -16 -17 -18 -19 -20 -21 -22 -23 -24 -25 -26 -27 -28 -29 -30 -31
leaf_value=-0.017475668151481924 -0.0026478733528373867 -0.0038091897975127669 -0.014553222033594335 -0.0062831945934135481 -0.0044223346528119182 0.0067865532463324586 -0.0028747291968358136 0.0031775447362572765 -0.0031261452394496163 -9.8839951342528335e-06 0.0015593033756283676 -0.0034379344813786554 -0.00055216037319109912 -0.011294303319993475 0.0059397358988825515 0.0050508614375765854 -0.00056311436660157947 0.0067225674100633258 0.0098766244663228732 0.0029692368255296413 0.013738387893326157 0.0017515501993304408 -0.0068286462000911293 -0.00059533435598344388 0.00043600759805179795 0.0001086820037529564 0.0011267297354906221 0.0031265102219619548 -0.011503868593889126 -0.0031059610984759496
leaf_weight=132 3659 4192 63 1695 302 1115 9105 9192 4392 9468 3140 4110 9383 63 1158 1515 8996 2757 467 6035 438 9466 3872 4541 7444 3477 9323 7358 221 6233
leaf_count=132 3659 4192 63 1695 302 1115 9105 9192 4392 9468 3140 4110 9383 63 1158 1515 8996 2757 467 6035 438 9466 3872 4541 7444 3477 9323 7358 221 6233
internal_value=8.67576e-13 -0.0014836 0.00194773 -0.00271366 -0.000274947 0.00313392 -0.00200394 0.00281512 -0.00085068 0.000755181 -0.00124024 -0.00528435 -0.000401963 0.00164939 0.0014355 0.00118043 -0.00172588 0.0042167 0.00350144 0.00261698 0.00874721 0.00087074 -0.00717965 -0.00183963 0.000310215 -0.00130475 0.000284592 0.00300409 -0.00399458 -0.00378525
internal_weight=133312 75672 57640 37504 38168 28897 29390 27344 31831 28743 21241 8114 27639 14928 21607 20449 18101 12416 9659 6337 1553 18934 4004 8933 7507 7136 18706 7421 8149 7928
internal_count=133312 75672 57640 37504 38168 28897 29390 27344 31831 28743 21241 8114 27639 14928 21607 20449 18101 12416 9659 6337 1553 18934 4004 8933 7507 7136 18706 7421 8149 7928
is_linear=0
shrinkage=0.1


Tree=43
num_leaves=31
num_cat=0
split_feature=0 0 1 1 1 3 3 0 4 2 3 1 1 1 2 1 4 1 1 1 0 0 0 3 1 0 0 1 2 2
split_gain=31.7824 10.1441 6.36507 6.29199 6.27371 5.41287 4.49816 3.25419 3.10405 3.05913 2.81661 2.34933 2.20007 2.09206 2.0478 1.94606 1.88713 1.86603 1.83766 2.08086 1.62819 1.55922 1.52262 1.52116 1.44257 1.31523 1.52821 1.37902 1.29424 1.28859
threshold=0.49289244727721204 -0.78791033983245418 1.1590219770079691 -0.7602471840274786 -1.4752323715718638 1.0000000180025095e-35 1.0000000180025095e-35 1.5940659747050052 1.0000000180025095e-35 1.0000000180025095e-35 1.0000000180025095e-35 1.4859446410606774 0.94173826827373641 1.2545506272603555 1.0000000180025095e-35 -1.4333464172982049 1.0000000180025095e-35 -1.1622330680682371 0.91434332804113172 1.010773702010747 -1.6912697975268183 -1.5841043117019982 1.6616309722471232 1.0000000180025095e-35 -1.1478278570288281 0.90311473590117242 0.86208144572062018 0.040439886202944537 1.0000000180025095e-35 1.0000000180025095e-35
decision_type=2 2 2 2 2 2 2 2 2 2 2 2 2 2 2 2 2 2 2 2 2 2 2 2 2 2 2 2 2 2
left_child=1 4 6 23 -1 9 8 15 17 21 16 -11 29 20 -4 -8 -5 -2 -9 -20 -7 -6 -16 -3 -19 26 -10 -27 -17 -12
right_child=2 3 14 10 5 13 7 18 25 11 12 -13 -14 -15 22 28 -18 24 19 -21 -22 -23 -24 -25 -26 27 -28 -29 -30 -31
leaf_value=-0.0070588119706494409 -0.0027236700506065585 -0.0031006094029600007 0.0030385372598426821 -0.0011388000249391561 -0.0077414973127947571 -0.006300534566623538 -0.00086802239303644918 0.0053669620233684967 0.0011245791924935084 -0.0024696036109397241 -0.0004129320460628209 0.0036187842238073857 0.0029932263463309221 0.0018779006112857211 0.0058107329185702189 0.0016252470030385998 0.0010572882375383332 0.014958492813236957 0.029508319967493847 0.0078430153258640563 -0.0010246915031213526 -0.0040646562316771833 0.014560871992171522 -0.00099893767917127638 0.0001288487639202041 0.0018855767087372244 -0.008024522792710112 0.0055403742494933399 0.0034365660771165118 0.0016421904244774688
leaf_weight=2700 2692 6778 3862 11813 1380 611 1878 1983 1991 7654 6119 691 5687 2514 3751 7835 5851 66 69 124 13722 7022 210 7001 10711 2691 201 1675 7945 6085
leaf_count=2700 2692 6778 3862 11813 1380 611 1878 1983 1991 7654 6119 691 5687 2514 3751 7835 5851 66 69 124 13722 7022 210 7001 10711 2691 201 1675 7945 6085
internal_value=-3.48136e-12 -0.00115222 0.00206909 -0.000218662 -0.00242121 -0.00204847 0.00155726 0.00262471 0.000500103 -0.00332161 0.000484377 -0.00196546 0.00136876 -0.000782893 0.00467706 0.00217506 -0.000411371 -0.000368606 0.00627357 0.0155886 -0.00124959 -0.00466856 0.00627464 -0.00203277 0.000219668 0.00228428 0.000285633 0.00328773 0.00253722 0.000611766
internal_weight=133312 85628 47684 49334 36294 33594 39861 19834 20027 16747 35555 8345 17891 16847 7823 17658 17664 13469 2176 193 14333 8402 3961 13779 10777 6558 2192 4366 15780 12204
internal_count=133312 85628 47684 49334 36294 33594 39861 19834 20027 16747 35555 8345 17891 16847 7823 17658 17664 13469 2176 193 14333 8402 3961 13779 10777 6558 2192 4366 15780 12204
is_linear=0
shrinkage=0.1


Tree=44
num_leaves=31
num_cat=0
split_feature=0 2 1 0 0 1 0 1 1 2 1 0 3 0 3 1 0 0 1 0 1 1 3 1 1 3 1 4 1 0
split_gain=26.1241 8.33349 5.97319 5.26998 4.40406 3.959 3.31452 3.29416 2.69542 2.40596 3.1123 2.35122 2.34269 2.73569 2.24648 2.14879 2.1177 1.92548 1.69642 1.56442 1.53533 1.43942 1.40139 1.36159 1.29972 1.29599 1.27939 1.21347 1.19234 1.14848
threshold=-0.44625749513813645 1.0000000180025095e-35 -0.96723971438260092 1.1341786478862106 -1.6369544238483387 -1.4612563378290384 0.93004767944978317 1.2403971821142508 1.1590219770079691 1.0000000180025095e-35 -0.95303886162758167 1.6755083173766263 1.0000000180025095e-35 -0.51435712663898536 1.0000000180025095e-35 -1.5545329032043538 -0.606817322068128 -1.4597597485600116 -0.053551980127119529 1.6616309722471232 -1.0769741104674202 -0.095587047514607837 1.0000000180025095e-35 -1.6389242138941136 -1.3517739694608502 1.0000000180025095e-35 -1.6792385571657114 1.0000000180025095e-35 0.42514286262336404 1.6897037770005499
decision_type=2 2 2 2 2 2 2 2 2 2 2 2 2 2 2 2 2 2 2 2 2 2 2 2 2 2 2 2 2 2
left_child=2 5 12 8 -4 19 18 9 25 10 -6 14 17 16 23 -15 24 -1 21 -2 -16 -7 29 -5 -14 -3 -21 -11 -24 -8
right_child=1 3 4 11 7 6 22 -9 -10 27 -12 -13 13 15 20 -17 -18 -19 -20 26 -22 -23 28 -25 -26 -27 -28 -29 -30 -31
leaf_value=-0.0090667472801176201 -0.0036437265578783012 0.00023921408546391656 -0.0050280937191323344 -0.007780070395523803 0.016900752696147676 -0.0010912697576238861 0.00028283401061911614 0.0011102219880365237 0.0034559322927294345 -0.0011256469946132324 -0.0024030984002436449 0.0084417164489870421 -0.0041429759031063849 0.0026436016819364316 0.0013878937553614377 -0.017173048114803222 0.0051862685528216226 -0.004411562268656191 0.00039307036173019092 0.026413620957012836 0.0057453229100241591 -0.0080833669879439938 0.0014965070810557875 0.0022502277360471287 -0.00085431695791791116 0.0016695440467055936 0.0020890023937339291 0.00080595046222233814 0.004143108500299828 0.0058848358264202115
leaf_weight=1128 3212 12657 2847 139 84 10402 6732 6421 5193 9771 14638 1033 2410 74 1000 210 387 4185 13623 29 4225 303 4171 5136 2397 12682 85 4875 2876 387
leaf_count=1128 3212 12657 2847 139 84 10402 6732 6421 5193 9771 14638 1033 2410 74 1000 210 387 4185 13623 29 4225 303 4171 5136 2397 12682 85 4875 2876 387
internal_value=2.99827e-12 0.00107455 -0.00182367 0.00206836 -0.0012427 7.49173e-05 0.000360917 -0.00094157 0.00138044 -0.00139017 -0.00229296 0.00388953 -0.00390378 -0.00245272 0.00344168 -0.0120096 -0.00193017 -0.0053999 -0.000347166 -0.00323514 0.00491137 -0.00128918 0.00157694 0.00198592 -0.00250309 0.000955085 0.00827684 -0.000482704 0.00257663 0.000587368
internal_weight=133312 83885 49427 42065 38636 41820 38494 35789 30532 29368 14722 11533 10791 5478 10500 284 5194 5313 24328 3326 5225 10705 14166 5275 4807 25339 114 14646 7047 7119
internal_count=133312 83885 49427 42065 38636 41820 38494 35789 30532 29368 14722 11533 10791 5478 10500 284 5194 5313 24328 3326 5225 10705 14166 5275 4807 25339 114 14646 7047 7119
is_linear=0
shrinkage=0.1


Tree=45
num_leaves=31
num_cat=0
split_feature=0 2 0 1 3 0 1 0 2 1 1 1 1 0 1 0 3 1 4 1 4 0 1 1 0 3 3 1 1 1
split_gain=21.5686 7.2913 4.8383 4.45385 3.82205 3.36816 3.02238 2.78376 2.74377 2.66339 2.64772 2.42847 2.00686 1.72202 1.71265 1.5456 1.42663 1.42488 1.36711 1.27309 1.65908 1.40295 1.17839 1.12548 1.07541 1.06842 1.01868 0.890209 0.8892 0.878583
threshold=0.5198730197905802 1.0000000180025095e-35 -0.96651626700653914 -0.93973856328893646 1.0000000180025095e-35 1.6755083173766263 1.6473880431450916 -1.7052773815020628 1.0000000180025095e-35 -0.47814042682369268 -1.3664141581051636 1.1590219770079691 -1.4612563378290384 -1.664457234418135 -1.295855091744633 1.6484719797302079 1.0000000180025095e-35 1.70236410240915 1.0000000180025095e-35 1.3510165394591973 1.0000000180025095e-35 0.49289244727721204 1.4859446410606774 -0.49082063293779898 -1.3479419897304001 1.0000000180025095e-35 1.0000000180025095e-35 -1.6389242138941136 -1.3227491810155729 -1.3792605562038578
decision_type=2 2 2 2 2 2 2 2 2 2 2 2 2 2 2 2 2 2 2 2 2 2 2 2 2 2 2 2 2 2
left_child=1 2 10 15 7 6 8 14 25 23 29 24 27 -12 -3 26 -10 -15 -14 20 -11 -21 -7 -4 -6 -5 -2 -9 -26 -1
right_child=3 4 9 5 11 22 -8 12 16 19 13 -13 18 17 -16 -17 -18 -19 -20 21 -22 -23 -24 -25 28 -27 -28 -29 -30 -31
leaf_value=-0.0067419515549384012 -0.0013822971554474889 -0.030448970972345425 -0.0022608954852907752 0.00018470410426435773 -0.0012286485988301529 0.0058920221980197094 0.0074926440213369267 -0.0011851165297760474 0.0018784851873843871 -0.0014878573138424941 -0.0065057947834611237 0.0032675324922297739 -0.0011412399910145563 -0.0025984311538416456 -0.00778615393281064 0.0043207092663852505 0.003724317081711382 0.0096336433890731616 0.00063367975312270857 0.0011958403611699443 0.00073455155429419936 0.017605488722977 0.015315951589831431 -0.012252068515099064 -0.0011045499096459977 0.0017908459153141969 0.00063907103842400644 -0.0060000393608948448 0.0011074557180509087 -0.019388401975626485
leaf_weight=1516 5046 39 10260 8319 3178 1455 994 614 8393 10032 1179 3654 13109 11886 230 751 8356 96 6487 3071 5050 53 146 114 2115 8248 4928 1025 12911 57
leaf_count=1516 5046 39 10260 8319 3178 1455 994 614 8393 10032 1179 3654 13109 11886 230 751 8356 96 6487 3071 5050 53 146 114 2115 8248 4928 1025 12911 57
internal_value=-7.66299e-12 -0.000933013 -0.0018507 0.00173406 -1.63439e-05 0.00226813 0.00205892 -0.000962884 0.00189681 -0.00109184 -0.00332268 0.000914867 -0.000834826 -0.00285924 -0.0110718 -5.4161e-05 0.00279936 -0.00250043 -0.000553676 -0.000363132 -0.000743714 0.00147424 0.00675142 -0.00237069 0.000442628 0.000984333 -0.00038357 -0.00419628 0.000796103 -0.00720021
internal_weight=133312 86676 43314 46636 43362 35911 34310 21504 33316 28580 14734 21858 21235 13161 269 10725 16749 11982 19596 18206 15082 3124 1601 10374 18204 16567 9974 1639 15026 1573
internal_count=133312 86676 43314 46636 43362 35911 34310 21504 33316 28580 14734 21858 21235 13161 269 10725 16749 11982 19596 18206 15082 3124 1601 10374 18204 16567 9974 1639 15026 1573
is_linear=0
shrinkage=0.1


Tree=46
num_leaves=31
num_cat=0
split_feature=0 1 0 3 2 3 0 1 4 0 1 2 1 4 0 1 2 3 2 0 1 0 1 0 1 1 1 4 0 0
split_gain=18.1226 6.32192 5.64434 4.04565 2.90011 2.62733 2.35702 2.13365 1.88806 2.02108 1.80559 1.61819 1.59736 1.68688 1.7602 1.53328 1.52296 1.5137 1.51848 1.67816 1.45672 1.47809 1.41228 1.36614 1.25337 1.23764 1.19576 1.58583 1.18998 1.08858
threshold=-0.62075907107473738 -0.36805381230554191 1.3508819860763659 1.0000000180025095e-35 1.0000000180025095e-35 1.0000000180025095e-35 -1.5841043117019982 1.2545506272603555 1.0000000180025095e-35 1.0120705111601314 -0.65122107733173962 1.0000000180025095e-35 -1.4333464172982049 1.0000000180025095e-35 1.0528635248654099 1.7164242529502232 1.0000000180025095e-35 1.0000000180025095e-35 1.0000000180025095e-35 1.6755083173766263 -0.91179159445153835 -1.4597597485600116 1.4582786588247054 -1.7184158235506455 -1.4069152600807204 1.5263981832552547 -1.528189220482731 1.0000000180025095e-35 1.4845421030060928 -0.51435712663898536
decision_type=2 2 2 2 2 2 2 2 2 2 2 2 2 2 2 2 2 2 2 2 2 2 2 2 2 2 2 2 2 2
left_child=3 5 4 6 8 12 10 11 15 -10 -1 23 -2 14 -14 -3 20 -4 19 -19 21 -8 -6 -5 -25 -12 27 -18 29 -7
right_child=1 2 17 7 22 28 16 -9 9 -11 25 -13 13 -15 -16 -17 26 18 -20 -21 -22 -23 -24 24 -26 -27 -28 -29 -30 -31
leaf_value=-0.0089929774652332244 -0.0028620977029064736 -0.00049404927495878674 0.0024872831923575338 -0.013251626027178848 0.0015146003737404375 0.0038957592365152409 -0.012465763865609847 0.0017584246807533965 0.00076840615027670169 0.005061439458705832 -0.0043985433133057646 -0.00020191026012913012 -0.0022476385868939876 0.0009596355485341862 0.00078271542228507585 0.011463314172040016 -0.0095298843202368429 0.0021796701562432955 0.0069797328662290145 0.0101374961000849 -0.002482282972677591 -0.0044781948289612508 0.0038341217366212733 -0.0052606491139216248 -0.0015253772300476704 0.0044989560333173178 -0.0010622221983356062 0.002268962825509356 0.0029738203706155624 0.00014817075168021906
leaf_weight=919 3961 15207 4517 108 20024 817 265 2958 6294 1328 1823 9294 6596 4687 2702 108 373 1937 2167 307 6972 1842 3021 1010 8125 171 8578 164 1923 15114
leaf_count=919 3961 15207 4517 108 20024 817 265 2958 6294 1328 1823 9294 6596 4687 2702 108 373 1937 2167 307 6972 1842 3021 1010 8125 171 8578 164 1923 15114
internal_value=-1.05864e-12 0.00079903 0.00147311 -0.00170133 0.00102636 -0.000234875 -0.00268474 -0.000735671 0.000230325 0.00151639 -0.0053257 -0.00113366 -0.00108935 -0.000587252 -0.00136702 -0.000409727 -0.0022619 0.00377401 0.00509166 0.00326837 -0.00317863 -0.0054828 0.00181867 -0.00207055 -0.00193836 -0.00363552 -0.0013488 -0.00592651 0.000624003 0.000340361
internal_weight=133312 90710 54910 42602 45982 35800 21107 21495 22937 7622 2913 18537 17946 13985 9298 15315 18194 8928 4411 2244 9079 2107 23045 9243 9135 1994 9115 537 17854 15931
internal_count=133312 90710 54910 42602 45982 35800 21107 21495 22937 7622 2913 18537 17946 13985 9298 15315 18194 8928 4411 2244 9079 2107 23045 9243 9135 1994 9115 537 17854 15931
is_linear=0
shrinkage=0.1


Tree=47
num_leaves=31
num_cat=0
split_feature=0 3 2 1 0 1 4 1 2 0 1 1 0 1 1 0 1 1 0 0 0 0 0 4 1 1 1 1 0 1
split_gain=14.8902 5.14535 4.28863 2.83007 2.80644 2.79878 2.55536 2.4376 2.1616 1.95733 2.00584 1.88802 1.78318 1.61553 1.56753 1.55896 1.55241 1.51199 1.34507 1.34462 1.27471 1.18814 1.13775 1.2829 1.11007 1.53117 1.26797 1.09586 1.46836 1.07133
threshold=0.15075481165407367 1.0000000180025095e-35 1.0000000180025095e-35 -1.1756326718722121 -1.5841043117019982 1.1590219770079691 1.0000000180025095e-35 1.2403971821142508 1.0000000180025095e-35 -0.54045623161434586 1.4182436835650751 -1.2301061036840515 1.4587152213936438 -1.528189220482731 0.34340692341768231 0.12374848556711322 0.58820899522255876 1.5932765350228384 1.3508819860763659 -1.6912697975268183 1.5940659747050052 -1.7184158235506455 1.6616309722471232 1.0000000180025095e-35 0.87328458083408422 0.85904573207354085 1.5263981832552547 -1.6792385571657114 1.5795329942026839 -1.2301061036840515
decision_type=2 2 2 2 2 2 2 2 2 2 2 2 2 2 2 2 2 2 2 2 2 2 2 2 2 2 2 2 2 2
left_child=1 4 11 19 16 12 7 13 14 21 15 22 -4 -6 -8 -11 -1 20 -7 -3 -13 -5 27 -24 25 -18 -26 28 -2 -14
right_child=2 3 5 9 6 18 8 -9 -10 10 -12 17 29 -15 -16 -17 24 -19 -20 -21 -22 -23 23 -25 26 -27 -28 -29 -30 -31
leaf_value=-0.006443181051664356 -0.0051395181473289919 -0.012648785908651703 0.001179781410711269 -0.0077313751951064826 -0.0060450781626959519 0.0032254442768263969 -0.0030837225557789638 0.00040713458464225558 0.0010979309301406151 0.0010939030712933267 0.005124667643956398 0.00024465865224305425 -5.0265074923966879e-05 -0.0023539258514266941 0.00038893408229070367 -0.0051653344779421231 0.0019081527216306402 0.0040697575259534624 0.0070466713968535492 -0.0019113668751478111 0.0027840458225721104 -0.00027295334247498618 0.00041615250960018468 0.017543549563307021 -0.0057730389065474017 0.03077574527822435 0.0040490604843127359 -0.0013952295195138161 -0.028780195589310359 0.0040956344037727452
leaf_weight=1928 426 119 20989 216 1271 3859 3299 3139 5480 9667 1223 22516 751 17677 2145 415 226 1223 1210 5848 2167 19115 143 63 568 20 171 3745 28 3665
leaf_count=1928 426 119 20989 216 1271 3859 3299 3139 5480 9667 1223 22516 751 17677 2145 415 226 1223 1210 5848 2167 19115 143 63 568 20 171 3745 28 3665
internal_value=6.67104e-12 -0.00096753 0.00115443 -0.000133097 -0.00181774 0.00199215 -0.00155518 -0.00217393 -0.000304126 0.000254966 0.00130019 0.000312211 0.00156407 -0.00260152 -0.00171546 0.000836257 -0.00479313 0.000637654 0.00413759 -0.0021255 0.0004676 -0.000356292 -0.00160174 0.00565414 -0.00156339 0.00425511 -0.00350027 -0.00195771 -0.00659753 0.00339057
internal_weight=133312 72527 60785 36603 35924 30474 33011 22087 10924 30636 11305 30311 25405 18948 5444 10082 2913 25906 5069 5967 24683 19331 4405 206 985 246 739 4199 454 4416
internal_count=133312 72527 60785 36603 35924 30474 33011 22087 10924 30636 11305 30311 25405 18948 5444 10082 2913 25906 5069 5967 24683 19331 4405 206 985 246 739 4199 454 4416
is_linear=0
shrinkage=0.1


Tree=48
num_leaves=31
num_cat=0
split_feature=0 3 0 1 1 2 1 2 2 0 1 0 0 1 3 1 3 0 0 4 1 1 1 1 1 2 0 1 3 1
split_gain=12.3485 4.62834 3.05613 3.01535 2.85423 2.40624 1.78263 1.6446 1.60531 1.58067 1.56292 1.53936 1.43623 1.36777 1.56874 1.36634 1.28177 1.18065 2.50839 1.65664 1.07863 1.07106 1.06426 1.0436 1.0057 0.950491 1.09816 0.998873 0.933602 2.06944
threshold=0.5198730197905802 1.0000000180025095e-35 -1.2135711569050573 1.2683531196907678 0.47964808650894503 1.0000000180025095e-35 1.365020779073584 1.0000000180025095e-35 1.0000000180025095e-35 -1.5841043117019982 -1.6792385571657114 1.4587152213936438 -1.0767777741700191 -0.10830238964571443 1.0000000180025095e-35 -1.5545329032043538 1.0000000180025095e-35 1.0253162623782182 1.0120705111601314 1.0000000180025095e-35 1.6888782493775765 -1.6792385571657114 1.4182436835650751 -1.6661939301571764 1.5534151710074486 1.0000000180025095e-35 -1.7052773815020628 0.12242473691490521 1.0000000180025095e-35 1.2969728518370454
decision_type=2 2 2 2 2 2 2 2 2 2 2 2 2 2 2 2 2 2 2 2 2 2 2 2 2 2 2 2 2 2
left_child=1 2 15 5 7 16 8 -3 10 -6 -4 -7 -8 -13 -15 23 -2 18 -5 24 -11 -18 -14 -1 -20 27 -27 -17 -19 -30
right_child=3 4 6 17 9 11 12 -9 -10 20 -12 13 22 14 -16 25 21 28 19 -21 -22 -23 -24 -25 -26 26 -28 -29 29 -31
leaf_value=-0.0024929139492298035 -0.00057060430859994286 -0.0013602547766496922 -0.0098558876883787176 0.0022484050743083344 -0.0027059686584388846 0.0012954199907659965 0.0083863017525556902 0.00017567406824272905 -0.00049309409244733735 0.001198366916148601 -0.0018342473847757848 0.0017770609655233243 0.0047840329328980042 0.0025523123522147658 0.0079996095963537541 -0.0051519373311060893 -0.0070131884806395222 0.0029664647886234606 -0.01418613698333502 0.0028477997313110302 0.0059653079460074846 0.0011599882160081396 -0.00019071915792751715 -0.012074302971015879 -0.044780883317192398 -0.0081153100854203866 -0.0013565349130543354 -0.0022416849928208857 0.020952067183227174 0.0053856113851424112
leaf_weight=190 10131 13887 247 2505 1024 15762 254 13999 14686 14275 14597 2464 509 1070 1045 2402 163 1855 22 26 491 9810 2772 283 21 254 4489 2317 90 1672
leaf_count=190 10131 13887 247 2505 1024 15762 254 13999 14686 14275 14597 2464 509 1070 1045 2402 163 1855 22 26 491 9810 2772 283 21 254 4489 2317 90 1672
internal_value=1.22276e-12 -0.000705965 -0.00144243 0.00131208 1.90985e-05 0.000997483 -0.000980311 -0.000589206 -0.00123435 0.0010934 -0.00196773 0.0017643 0.00114187 0.0033783 0.00524377 -0.00298041 0.000221625 0.00336731 0.0017303 -0.017079 0.00135688 0.0010264 0.000581042 -0.00822554 -0.0291278 -0.00271821 -0.00171848 -0.00372302 0.00453227 0.00618072
internal_weight=133312 86676 43000 46636 43676 40445 33065 27886 29530 15790 14844 20341 3535 4579 2115 9935 20104 6191 2574 69 14766 9973 3281 473 43 9462 4743 4719 3617 1762
internal_count=133312 86676 43000 46636 43676 40445 33065 27886 29530 15790 14844 20341 3535 4579 2115 9935 20104 6191 2574 69 14766 9973 3281 473 43 9462 4743 4719 3617 1762
is_linear=0
shrinkage=0.1


Tree=49
num_leaves=31
num_cat=0
split_feature=0 1 0 2 2 3 0 1 1 1 1 1 1 0 0 3 4 1 0 1 1 0 0 1 1 0 1 1 3 0
split_gain=10.6103 4.06148 3.69118 2.43387 2.35125 1.64689 1.64314 1.62486 1.56292 1.47379 1.33189 1.16402 1.13917 1.09061 1.32247 1.07193 1.06583 1.05005 1.01478 1.17386 1.00113 0.976202 0.968086 1.40521 1.60767 0.947295 0.922442 0.878195 0.78619 1.51608
threshold=-0.62075907107473738 -1.2020620025358399 1.3508819860763659 1.0000000180025095e-35 1.0000000180025095e-35 1.0000000180025095e-35 -1.7052773815020628 1.4859446410606774 -1.3517739694608502 -0.63747942393191692 1.5932765350228384 1.1590219770079691 0.91434332804113172 -0.86992621940557202 -1.664457234418135 1.0000000180025095e-35 1.0000000180025095e-35 0.98361332679660662 1.6755083173766263 1.498783523019952 1.70236410240915 0.34503897799486938 -1.5155291986113173 -0.85521883689343603 -1.0903787746241169 -0.56768495210721237 0.31555701786778162 -1.528189220482731 1.0000000180025095e-35 -0.54045623161434586
decision_type=2 2 2 2 2 2 2 2 2 2 2 2 2 2 2 2 2 2 2 2 2 2 2 2 2 2 2 2 2 2
left_child=3 21 4 9 10 18 8 15 -5 22 16 -6 -7 14 -9 27 -3 -14 26 -20 -11 28 23 24 -1 -12 -4 -8 -2 -30
right_child=1 2 5 6 11 12 7 13 -10 20 25 -13 17 -15 -16 -17 -18 -19 19 -21 -22 -23 -24 -25 -26 -27 -28 -29 29 -31
leaf_value=-0.0064877240329601141 -0.003161111785757106 -0.0005776209825940924 -0.0004699512758302841 -0.021373986174999658 0.00089544892578585474 0.0027972015554902328 -0.0051172201901115164 -0.011997829301981256 -0.004116952305432949 -0.0015831999763015908 -0.014382369347637701 0.0024017991508209395 0.013712971720711462 -0.0021824273341389823 0.0049587614570920282 8.3550936647945332e-05 0.00067268398803972218 0.0050522689454270842 0.0034084901807604549 0.017079228751690073 0.0061812055118415244 -0.00026362087691590507 -0.0026848728645320029 -0.012181516534327058 0.0021386051497174776 0.0032844527268628128 0.002157251037832444 -0.0011585654373581944 0.0067325781966887854 -0.0015047397555832398
leaf_weight=772 2798 20280 2750 59 25898 4502 598 48 475 14411 31 6397 154 342 1101 9780 10271 1539 823 68 168 8255 5369 267 300 1449 2600 8912 244 2651
leaf_count=772 2798 20280 2750 59 25898 4502 598 48 475 14411 31 6397 154 342 1101 9780 10271 1539 823 68 168 8255 5369 267 300 1449 2600 8912 244 2651
internal_value=2.46112e-12 0.000611387 0.000896619 -0.00130179 0.000591719 0.00247373 -0.000546442 -0.000405697 -0.00602363 -0.00205814 -1.53507e-05 0.00119383 0.00362877 0.00277486 0.00425039 -0.000651535 -0.000157279 0.00584007 0.0013272 0.00445182 -0.00149373 -0.000958367 -0.00328481 -0.00569037 -0.00407364 0.0029144 0.00080682 -0.00140749 -0.00196577 -0.000810472
internal_weight=133312 90710 76762 42602 64326 12436 21315 20781 534 21287 32031 32295 6195 1491 1149 19290 30551 1693 6241 891 14579 13948 6708 1339 1072 1480 5350 9510 5693 2895
internal_count=133312 90710 76762 42602 64326 12436 21315 20781 534 21287 32031 32295 6195 1491 1149 19290 30551 1693 6241 891 14579 13948 6708 1339 1072 1480 5350 9510 5693 2895
is_linear=0
shrinkage=0.1


Tree=50
num_leaves=31
num_cat=0
split_feature=0 3 1 1 0 0 4 1 0 1 1 0 1 0 0 1 0 2 0 0 0 4 1 1 0 1 0 2 1 1
split_gain=8.70479 3.61636 2.61575 2.27084 2.01772 1.72147 1.69318 1.69366 1.6078 1.5666 2.34779 3.55827 1.55897 1.4742 1.53242 1.29344 1.14736 1.10644 1.03978 1.01338 1.00328 0.989956 1.24548 0.980786 0.950884 0.948825 1.31986 0.940169 0.916405 0.877385
threshold=-0.43286894460058956 1.0000000180025095e-35 0.60231622696766185 0.94173826827373641 -1.3479419897304001 1.1341786478862106 1.0000000180025095e-35 1.4582786588247054 1.5128062009993337 -1.4333464172982049 -1.5013171877676104 0.47999169967707689 -1.5144991847650151 1.0528635248654099 0.99796256044795928 1.010773702010747 -0.54045623161434586 1.0000000180025095e-35 1.7165539994479666 0.12374848556711322 -1.7052773815020628 1.0000000180025095e-35 -1.706756867122339 1.4719522576499282 1.6484719797302079 -1.7205329913411653 0.014210086948608277 1.0000000180025095e-35 1.6329520483733682 0.91434332804113172
decision_type=2 2 2 2 2 2 2 2 2 2 2 2 2 2 2 2 2 2 2 2 2 2 2 2 2 2 2 2 2 2
left_child=2 6 4 5 20 25 7 19 28 10 12 -12 -8 14 -9 -10 -4 -6 -17 -2 -1 -19 -23 -15 -11 26 -3 -21 -5 -27
right_child=1 3 16 8 17 -7 9 13 15 24 11 -13 -14 23 -16 18 -18 21 -20 27 -22 22 -24 -25 -26 29 -28 -29 -30 -31
leaf_value=-0.0063255757625154153 -0.0017879125962437263 0.0066266969437836793 -0.00025855173016171368 0.0018326257619344912 -0.0017273404546948189 0.0020620584687548568 -0.0012254906531270944 0.00097156055674112629 0.019369650269182373 0.001031186355143677 -0.02463442349107936 -0.0011488159211018147 0.016273482949300498 0.019896975960186188 -0.017564727295615267 0.0046180086176530084 0.0027710372096786547 -0.0010086515326745223 0.019208240780370454 -0.0010487283627761326 -0.0024676520995906095 0.016778584334010981 0.00073496805918225991 0.0049457792103093012 0.005564949049585266 0.00053328329658198777 -0.016505020949989558 0.00035109423376986093 0.005015189773727554 -0.0058554498787780516
leaf_weight=728 6506 37 14965 7547 11981 8941 890 1465 73 12096 110 156 54 47 46 805 1364 7892 52 9527 9102 49 3871 660 481 22882 74 9666 1028 217
leaf_count=728 6506 37 14965 7547 11981 8941 890 1465 73 12096 110 156 54 47 46 805 1364 7892 52 9527 9102 49 3871 660 481 22882 74 9666 1028 217
internal_value=-3.36629e-12 0.000625521 -0.00104387 0.00128455 -0.00154816 0.000883103 -3.27531e-05 -0.000480531 0.00264248 0.000873943 -0.00256274 -0.0108609 -0.00022449 0.00217075 0.000407253 0.00659173 -5.483e-06 -0.00105024 0.0055033 -0.000709355 -0.00275337 -0.00036345 0.000935513 0.00593971 0.00120458 0.000428943 -0.00879445 -0.000343748 0.00221416 0.000473265
internal_weight=133312 83360 49952 41656 33623 32151 41704 27917 9505 13787 1210 266 944 2218 1511 930 16329 23793 857 25699 9830 11812 3920 707 12577 23210 111 19193 8575 23099
internal_count=133312 83360 49952 41656 33623 32151 41704 27917 9505 13787 1210 266 944 2218 1511 930 16329 23793 857 25699 9830 11812 3920 707 12577 23210 111 19193 8575 23099
is_linear=0
shrinkage=0.1


Tree=51
num_leaves=31
num_cat=0
split_feature=0 2 3 0 1 1 1 0 1 2 3 0 1 0 1 3 1 1 1 0 1 1 1 0 4 1 1 1 4 4
split_gain=7.0688 2.84702 2.64929 1.73106 1.59666 1.56326 1.54771 1.47497 1.41642 1.30457 1.23727 1.20165 1.17372 1.56691 1.08002 1.05112 1.3081 1.00314 0.922106 0.878253 0.873921 0.982942 0.867902 0.844247 0.999523 0.900021 0.855962 0.837925 0.785262 0.780692
threshold=-0.10806834033745315 1.0000000180025095e-35 1.0000000180025095e-35 1.6616309722471232 -1.528189220482731 -1.3517739694608502 1.5932765350228384 -1.5438104184792234 0.013756924090183297 1.0000000180025095e-35 1.0000000180025095e-35 1.4587152213936438 -1.6389242138941136 -0.21758255022076242 -1.6792385571657114 1.0000000180025095e-35 -1.6929017769730061 -0.012716722537446152 0.76572012411968571 -1.5841043117019982 -1.4752323715718638 -1.5013171877676104 -1.6929017769730061 -1.6771782804462929 1.0000000180025095e-35 -1.3098536991182359 1.0903602502621459 -1.1894380865315706 1.0000000180025095e-35 1.0000000180025095e-35
decision_type=2 2 2 2 2 2 2 2 2 2 2 2 2 2 2 2 2 2 2 2 2 2 2 2 2 2 2 2 2 2
left_child=2 6 4 8 7 22 15 -1 17 19 -10 -12 14 -14 -9 20 -17 -3 -5 -6 21 -2 -4 24 -7 -25 -27 -26 -22 -11
right_child=1 3 5 18 9 23 -8 12 10 29 11 -13 13 -15 -16 16 -18 -19 -20 -21 28 -23 -24 25 27 26 -28 -29 -30 -31
leaf_value=-0.012618450902421805 -0.0021098669292738069 0.00063865409058486079 0.0023917804409651772 0.0032534371123880768 -0.0043018653012655865 -0.0053910444584871712 0.0032830316705947321 -0.0037216677910512138 0.00097390092572710281 -0.0010996984518815446 0.0022557902332411557 0.0059954457295147623 -0.0047400440515922354 -0.021781186714511496 0.0039389145450807418 -0.0074665601284345379 0.00057055133171755239 -0.0055389086829267546 0.0092156082405052599 -0.0016695413524169943 -0.00093051538743006517 -0.010607897146609521 -0.0026696141777602382 0.005152449325581834 -0.016537916041367378 -0.00013964667827899639 0.0012458675831641002 0.0028526000439738617 0.00057184645287266926 0.00045371500707220772
leaf_weight=192 1233 16962 380 935 1402 578 1420 435 8452 9782 7525 970 774 58 319 205 16651 267 359 13210 10400 153 3124 365 24 21110 5653 312 5228 4834
leaf_count=192 1233 16962 380 935 1402 578 1420 435 8452 9782 7525 970 774 58 319 205 16651 267 359 13210 10400 153 3124 365 24 21110 5653 312 5228 4834
internal_value=-8.06953e-12 0.000684644 -0.000774483 0.00131734 -0.00143092 -0.000129282 4.87189e-05 -0.00434041 0.00118141 -0.00125393 0.00183052 0.0026828 -0.00333828 -0.00592801 -0.000480652 -8.68797e-05 0.000472805 0.00054292 0.00490755 -0.00192211 -0.000641367 -0.00304796 -0.00212072 0.000119559 -0.00286972 0.000220274 0.000153008 0.00146756 -0.000427934 -0.000585933
internal_weight=133312 70760 62552 35470 31006 31546 35290 1778 34176 29228 16947 8495 1586 832 754 33870 16856 17229 1294 14612 17014 1386 3504 28042 914 27128 26763 336 15628 14616
internal_count=133312 70760 62552 35470 31006 31546 35290 1778 34176 29228 16947 8495 1586 832 754 33870 16856 17229 1294 14612 17014 1386 3504 28042 914 27128 26763 336 15628 14616
is_linear=0
shrinkage=0.1


Tree=52
num_leaves=31
num_cat=0
split_feature=0 2 1 1 0 1 1 3 0 3 0 1 1 0 1 1 0 1 3 0 0 4 1 0 0 3 0 0 0 1
split_gain=5.96969 2.59778 1.75173 1.67034 1.65847 1.62518 1.47797 1.41715 1.326 1.20042 1.23817 0.94285 0.902247 1.15439 0.911772 0.819094 1.02004 0.792572 1.39344 0.908554 0.898002 0.762237 0.729889 0.729681 0.697519 0.658343 0.626885 1.9235 1.28302 0.604997
threshold=0.5198730197905802 1.0000000180025095e-35 1.6473880431450916 -0.62391444833449994 1.6755083173766263 -1.4333464172982049 1.4582786588247054 1.0000000180025095e-35 -1.2000354598384184 1.0000000180025095e-35 -1.7052773815020628 -1.295855091744633 1.70236410240915 -1.3479419897304001 -0.59768869822091275 1.445062849165035 -1.0633242101616847 1.6758661632427945 1.0000000180025095e-35 -1.4048914043645619 0.41245416873188345 1.0000000180025095e-35 0.027536199326010976 -0.95269885033716273 -0.5008840990771678 1.0000000180025095e-35 -0.28474707154389728 0.22108160565468601 -0.47400517433395878 -1.6929017769730061
decision_type=2 2 2 2 2 2 2 2 2 2 2 2 2 2 2 2 2 2 2 2 2 2 2 2 2 2 2 2 2 2
left_child=1 3 4 23 5 -2 9 21 12 10 11 -3 14 -14 -5 22 -17 26 19 -19 -20 -7 -11 -1 -12 -10 28 -28 -8 -6
right_child=2 6 -4 8 29 7 17 -9 25 15 24 -13 13 -15 -16 16 -18 18 20 -21 -22 -23 -24 -25 -26 -27 27 -29 -30 -31
leaf_value=-0.0029501102083536613 -0.0012401688764397461 -0.021974109227840717 0.0049803673573865235 0.0084689377020225384 0.019723615313515717 -0.00014635153011336558 0.0027342370676621424 0.0014831447511784029 -0.00078717041880422807 -7.0251480836419647e-05 -0.0011341494608879778 -0.0050305059786366589 0.0012900596468202901 0.028257621892473918 -0.0020762404770295379 -0.022768029529491769 -0.00065676282608398689 0.0075792986191809174 0.0024868108002857724 -0.006866142533506054 0.024326590150594712 0.0011730777201889035 0.0011430064047828767 -0.0014193787788386568 6.6120728870086977e-05 0.00029187376842866987 0.0081388581370087851 -0.00097103357892355888 -0.0052860800391468024 0.0034135052728121932
leaf_weight=4757 3969 39 1035 83 23 13351 1502 19711 11231 11154 10505 208 57 22 6760 34 54 50 321 337 20 6515 8927 9017 8981 11387 635 365 230 2032
leaf_count=4757 3969 39 1035 83 23 13351 1502 19711 11231 11154 10505 208 57 22 6760 34 54 50 321 337 20 6515 8927 9017 8981 11387 635 365 230 2032
internal_value=1.54078e-12 -0.000490854 0.000912284 -0.00103862 0.000819951 0.000688943 5.63017e-05 0.000882405 -0.00061457 -0.000115616 -0.000670134 -0.00770581 -0.00182567 0.00880001 -0.00194834 0.000426915 -0.00919975 0.00203892 -0.000893032 -0.00499981 0.00376774 0.000286352 0.000469102 -0.00194803 -0.000580951 -0.000243927 0.0028202 0.00481375 0.00166918 0.00359605
internal_weight=133312 86676 46636 43314 45601 43546 43362 39577 29540 39902 19733 247 6922 79 6843 20169 88 3460 728 387 341 19866 20081 13774 19486 22618 2732 1000 1732 2055
internal_count=133312 86676 46636 43314 45601 43546 43362 39577 29540 39902 19733 247 6922 79 6843 20169 88 3460 728 387 341 19866 20081 13774 19486 22618 2732 1000 1732 2055
is_linear=0
shrinkage=0.1


Tree=53
num_leaves=31
num_cat=0
split_feature=0 1 0 1 0 1 2 0 0 1 0 1 0 1 1 4 1 1 0 0 1 1 0 4 0 0 1 1 2 2
split_gain=4.90846 2.37058 1.70895 1.50316 1.34405 1.32449 1.25948 1.10937 1.8151 1.75655 1.02313 1.00725 0.986064 0.974997 1.40189 0.969106 1.7039 1.69536 1.21329 0.92243 0.920854 0.898458 1.82563 1.22174 4.72674 1.25345 0.896136 0.863759 0.784608 0.715783
threshold=-0.62075907107473738 -0.96723971438260092 0.61544438779418698 1.2545506272603555 -1.6771782804462929 -0.99302568805224634 1.0000000180025095e-35 -0.44625749513813645 -0.54045623161434586 -1.582853382260651 1.6755083173766263 -1.2020620025358399 0.60265625901781739 1.4182436835650751 0.98361332679660662 1.0000000180025095e-35 -1.582853382260651 0.027536199326010976 -1.4326193338329263 1.5662704605009601 -1.6518870139517692 1.2825421071128034 -0.73300556417410279 1.0000000180025095e-35 -1.5574907306304182 -1.418527493620662 1.1590219770079691 -0.74737889880155994 1.0000000180025095e-35 1.0000000180025095e-35
decision_type=2 2 2 2 2 2 2 2 2 2 2 2 2 2 2 2 2 2 2 2 2 2 2 2 2 2 2 2 2 2
left_child=3 5 12 4 -1 7 -4 8 -2 -10 26 -9 -3 14 -14 16 20 -17 -19 -13 -6 22 23 25 -25 -5 -8 -12 -18 -15
right_child=1 2 6 21 15 -7 10 11 9 -11 27 19 13 29 -16 17 28 18 -20 -21 -22 -23 -24 24 -26 -27 -28 -29 -30 -31
leaf_value=-0.003776627005776423 0.00079694599080988918 0.00027688970850563979 0.00059109497031811613 0.0017709234245656361 -0.0024930712484483109 -0.0047514299878475344 0.0012559854320564853 -0.00064390218257722235 0.0026486017705013832 -0.0089640622851368031 0.016466675748233683 0.00063737741397803898 -0.0033964157773294307 -0.0034699450507760052 -0.019122633880802566 -0.0012563183757775382 -0.0017509151368454131 -0.0016588676247005281 0.0020783932609010633 0.0057727252445209879 -0.0081071558101256068 0.00030132457646213584 -0.01780275761149824 0.040790456049144275 -0.014606798884333739 0.017964560800335476 0.0030857626246504452 0.0043487765863795607 -0.00056036742368077968 0.020459660887718202
leaf_weight=1814 648 36777 16656 74 638 721 12593 12885 167 592 64 4685 298 25 70 6789 11141 1137 3681 378 539 5535 30 20 67 135 3399 727 11002 25
leaf_count=1814 648 36777 16656 74 638 721 12593 12885 167 592 64 4685 298 25 70 6789 11141 1137 3681 378 539 5535 30 20 67 135 3399 727 11002 25
internal_value=3.21225e-12 0.000415839 0.00068838 -0.000885423 -0.00112267 -0.000543049 0.00120715 -0.000386281 -0.00309025 -0.00640897 0.00181854 -0.000174308 0.000221998 -0.00460759 -0.00638782 -0.00098483 -0.00135645 -0.000238194 0.00119644 0.00102078 -0.00506401 0.000601803 0.00570348 0.00808587 -0.0018718 0.0122309 0.00164489 0.00532924 -0.00115938 0.00849486
internal_weight=133312 90710 70634 42602 36741 20076 33439 19355 1407 759 16783 17948 37195 418 368 34927 23320 11607 4818 5063 1177 5861 326 296 87 209 15992 791 22143 50
internal_count=133312 90710 70634 42602 36741 20076 33439 19355 1407 759 16783 17948 37195 418 368 34927 23320 11607 4818 5063 1177 5861 326 296 87 209 15992 791 22143 50
is_linear=0
shrinkage=0.1


Tree=54
num_leaves=31
num_cat=0
split_feature=0 3 0 4 3 1 1 0 0 1 1 0 1 1 1 1 0 1 0 0 1 1 1 1 1 1 1 0 1 1
split_gain=3.97586 2.19027 1.52348 1.39256 1.39231 1.27901 1.1353 1.07454 1.28833 0.984228 1.96532 2.3447 1.24227 0.947362 2.38639 1.01816 0.892417 1.54788 0.876295 0.87327 1.4345 0.845476 0.843747 0.859532 0.900608 0.812061 0.791908 0.787469 0.762174 1.01108
threshold=-0.62075907107473738 1.0000000180025095e-35 1.7165539994479666 1.0000000180025095e-35 1.0000000180025095e-35 0.94173826827373641 1.4582786588247054 1.0528635248654099 0.99796256044795928 -1.4333464172982049 -1.5013171877676104 0.47999169967707689 -1.5144991847650151 -1.2559416080252952 -1.2829530085059275 0.013756924090183297 1.1341786478862106 0.91434332804113172 -1.664457234418135 -0.606817322068128 1.3774839391345102 1.4719522576499282 -1.3517739694608502 -1.3098536991182359 -1.2829530085059275 0.91434332804113172 1.70236410240915 -1.5973401091315507 -1.2020620025358399 -1.1756326718722121
decision_type=2 2 2 2 2 2 2 2 2 2 2 2 2 2 2 2 2 2 2 2 2 2 2 2 2 2 2 2 2 2
left_child=4 3 5 6 18 16 28 8 -8 10 12 -12 -5 14 -11 -15 17 -3 -1 20 -7 -9 -6 -24 27 -18 -26 -25 -2 -30
right_child=1 2 -4 9 22 19 7 21 -10 13 11 -13 -14 15 -16 -17 25 -19 -20 -21 -22 -23 23 24 26 -27 -28 -29 29 -31
leaf_value=-0.0038319259205185892 -0.0018550092333493183 0.00031574719112039578 0.0086503565366612741 -0.00067912911732723972 -0.002005527397185822 0.0045089597503344221 0.00067544045379881897 0.017817245023523241 -0.016294575653686798 0.0019688619883241991 -0.018442105988935562 -0.0006490730608885105 0.0149038854104152 -0.00030448249722065486 0.0174124191966997 0.0014912518465616518 0.0013005033513059903 -0.0075908506877749461 -0.0012048962079421611 0.001871095329856419 -0.027263091490776454 0.0039356447652971844 0.0058040577207740208 0.007911304263742985 -8.635497600806932e-05 0.010106719339558557 0.0066914970253262379 -0.010856482689268887 0.0062340132549122372 -0.00051690489053541266
leaf_weight=1357 4643 25833 250 972 2381 30 1629 47 46 658 141 156 54 5537 118 7347 8640 250 19750 10227 27 660 251 27 18532 106 174 130 224 23115
leaf_count=1357 4643 25833 250 972 2381 30 1629 47 46 658 141 156 54 5537 118 7347 8640 250 19750 10227 27 660 251 27 18532 106 174 130 224 23115
internal_value=-1.43454e-12 0.000374255 0.000865553 -0.000117216 -0.000796881 0.000822413 -0.000506487 0.00158929 0.000209398 0.000671667 -0.00193265 -0.00909627 0.00014103 0.000923901 0.00431724 0.000719521 0.00053308 0.000239964 -0.00137379 0.0018023 -0.010541 0.00485847 -0.000230383 -9.25651e-06 -8.66112e-05 0.00140723 -2.33086e-05 -0.0076289 -0.000684892 -0.000452112
internal_weight=133312 90710 45363 45347 42602 45113 30364 2382 1675 14983 1323 297 1026 13660 776 12884 34829 26083 21107 10284 57 707 21495 19114 18863 8746 18706 157 27982 23339
internal_count=133312 90710 45363 45347 42602 45113 30364 2382 1675 14983 1323 297 1026 13660 776 12884 34829 26083 21107 10284 57 707 21495 19114 18863 8746 18706 157 27982 23339
is_linear=0
shrinkage=0.1


Tree=55
num_leaves=31
num_cat=0
split_feature=0 2 2 0 1 1 1 1 1 3 1 1 3 1 0 0 0 1 3 0 0 0 0 0 1 1 0 1 1 1
split_gain=3.39367 1.97305 1.29811 1.06739 1.10443 1.02688 0.947125 1.10198 0.952208 0.888386 0.959334 0.834832 0.81668 1.53914 0.799544 0.787216 0.74252 0.701938 1.05453 0.755486 0.732156 0.664189 1.08839 0.663522 0.633235 0.717605 0.690866 0.600318 0.568005 1.11257
threshold=0.5198730197905802 1.0000000180025095e-35 1.0000000180025095e-35 -1.6509015653174675 -1.528189220482731 1.4719522576499282 -0.95303886162758167 -0.99302568805224634 -0.98071012569754956 1.0000000180025095e-35 1.4317441672950451 1.6473880431450916 1.0000000180025095e-35 -1.5013171877676104 -1.7052773815020628 0.93004767944978317 1.6616309722471232 1.6758661632427945 1.0000000180025095e-35 -1.4048914043645619 0.41245416873188345 0.6544191473598544 0.76449877996373194 -0.24436403690081568 0.76572012411968571 0.65583258508244013 1.6755083173766263 1.6625467557041274 1.5534151710074486 1.3774839391345102
decision_type=2 2 2 2 2 2 2 2 2 2 2 2 2 2 2 2 2 2 2 2 2 2 2 2 2 2 2 2 2 2
left_child=1 3 6 -1 -5 9 7 -2 15 10 14 16 13 -6 -3 -9 28 -7 19 -19 -20 -13 -23 -12 25 -18 -26 -8 29 -4
right_child=2 5 11 4 12 17 27 8 -10 -11 23 21 -14 -15 -16 -17 24 18 20 -21 -22 22 -24 -25 26 -27 -28 -29 -30 -31
leaf_value=-0.0034251440542411409 -0.00070277889981746136 -0.0061212617334276131 0.00090384037846278058 -0.0028253501601224239 0.0084466083069509347 0.002578248829254625 0.00040961980880447067 -0.029612970518480455 -0.0028494291024981069 0.00043252336764455974 -0.010610418349273124 -0.0053773512589341066 -0.00017246048905042783 -0.0011664597242237542 -0.00036087043646502971 -0.0094609616381589271 0.0026947435648913653 0.0069590124748647219 0.0019589237754274523 -0.0062135057725846215 0.021679132673889399 0.021993175367029702 0.0049143173293132031 0.00057898350292816768 0.016363144157256818 -0.011515762958977674 0.0049539396175049336 0.0041410970245066578 -0.0019559681466592366 0.0041665753875272261
leaf_weight=1549 4956 244 19916 2420 168 2572 17550 28 160 20265 157 53 19834 19343 19316 63 898 50 321 337 20 41 415 80 66 37 271 442 637 1103
leaf_count=1549 4956 244 19916 2420 168 2572 17550 28 160 20265 157 53 19834 19343 19316 63 898 50 321 337 20 41 415 80 66 37 271 442 637 1103
internal_value=5.86521e-12 -0.000370093 0.000687842 -0.000847469 -0.000751867 0.000106754 0.000157555 -0.00103017 -0.00749447 -3.29138e-05 -0.000509354 0.00121275 -0.000624333 -0.00108369 -0.000432728 -0.0156616 0.00112382 0.00180232 -0.000939016 -0.00451163 0.00311553 0.00521839 0.00644992 -0.00683341 0.00347192 0.0021324 0.00718838 0.000501289 0.000985901 0.00107506
internal_weight=133312 86676 46636 43314 41765 43362 23199 5207 251 40062 19797 23437 39345 19511 19560 91 22928 3300 728 387 341 509 456 237 1272 935 337 17992 21656 21019
internal_count=133312 86676 46636 43314 41765 43362 23199 5207 251 40062 19797 23437 39345 19511 19560 91 22928 3300 728 387 341 509 456 237 1272 935 337 17992 21656 21019
is_linear=0
shrinkage=0.1


Tree=56
num_leaves=31
num_cat=0
split_feature=0 2 4 1 1 1 0 1 1 1 0 0 4 0 1 1 0 0 0 1 0 1 1 1 1 1 1 3 0 1
split_gain=2.86613 1.90101 1.14337 1.21588 1.71488 1.10868 1.10115 1.57362 1.02954 1.32999 1.19999 1.93918 1.18755 1.53822 1.16412 1.00191 0.954018 1.7309 0.863175 0.771272 1.68726 0.95513 0.745192 0.710217 1.0397 0.707334 0.672141 1.16033 0.65068 0.80495
threshold=-0.91060317838706772 1.0000000180025095e-35 1.0000000180025095e-35 1.2545506272603555 1.2825421071128034 -0.82836170762880357 -1.5841043117019982 1.6625467557041274 1.1590219770079691 1.1041039935188308 0.79178788973911651 0.46641650903324866 1.0000000180025095e-35 -0.80244054935170817 -1.582853382260651 -1.582853382260651 -1.0349662002280533 -1.418527493620662 0.84783260509772262 1.1176565880083282 -1.6509015653174675 1.0644463340648518 1.6625467557041274 -1.4069152600807204 -1.3664141581051636 -1.5413612083934509 -1.6518870139517692 1.0000000180025095e-35 1.3508819860763659 1.1723580041465129
decision_type=2 2 2 2 2 2 2 2 2 2 2 2 2 2 2 2 2 2 2 2 2 2 2 2 2 2 2 2 2 2
left_child=2 5 3 15 16 -2 7 23 9 12 11 -11 14 -14 -3 26 17 -5 -12 21 -21 -17 -7 25 -25 -4 -1 -28 -10 -30
right_child=1 8 6 4 -6 22 -8 -9 28 10 18 -13 13 -15 -16 19 -18 -19 -20 20 -22 -23 -24 24 -26 -27 27 -29 29 -31
leaf_value=-0.0023045062644276885 -0.00096471948277108272 -0.0025283281392619234 -0.0031433863214991782 0.0017850785280225446 2.3390261300930168e-05 2.8801206729484237e-05 0.00051471303061681451 0.017265838557263699 0.001335905419076957 -0.0036178041348738084 -0.026876127254217865 0.012756664950002947 -0.0036928104646663132 0.0015477635332243216 0.0003425129655690569 -0.001355468436867611 -0.009830130441557795 0.022879898107451641 -0.0070744509444374219 -0.018086809739412995 -0.0028836611658019672 0.0039174395695625889 0.0028300252619486016 0.020764409645926209 -0.0021689428711693581 -0.015664959161016994 -0.013736473884474222 -0.0029922537713007787 0.017971697751766977 0.0033678831201470016
leaf_weight=479 13174 1492 107 74 2737 36554 8500 41 7345 386 24 89 585 13155 26497 16137 21 82 266 81 739 351 975 20 1707 78 183 223 39 1171
leaf_count=479 13174 1492 107 74 2737 36554 8500 41 7345 386 24 89 585 13155 26497 16137 21 82 266 81 739 351 975 20 1707 78 183 223 39 1171
internal_value=-5.92518e-12 0.000258232 -0.000832562 -0.00125614 0.0006403 -0.000175476 2.27355e-05 -0.00211849 0.000689001 0.000487501 -0.00364439 -0.000549746 0.000563249 0.00132464 0.000189478 -0.00155989 0.0101797 0.0128734 -0.00871321 -0.00139209 -0.00438544 -0.00124322 0.000101577 -0.00253416 -0.00190336 -0.00842275 -0.0048417 -0.00783509 0.00168988 0.00383858
internal_weight=133312 101752 31560 21107 2914 50703 10453 1953 51049 42494 765 475 41729 13740 27989 18193 177 156 290 17308 820 16488 37529 1912 1727 185 885 406 8555 1210
internal_count=133312 101752 31560 21107 2914 50703 10453 1953 51049 42494 765 475 41729 13740 27989 18193 177 156 290 17308 820 16488 37529 1912 1727 185 885 406 8555 1210
is_linear=0
shrinkage=0.1


Tree=57
num_leaves=31
num_cat=0
split_feature=3 0 0 0 1 1 1 1 1 1 0 0 1 1 1 0 1 0 0 1 0 0 0 1 0 1 1 0 1 1
split_gain=2.49133 1.62006 1.50945 1.05479 1.10091 0.88066 0.859274 1.35834 0.811898 1.47437 1.31964 1.3156 1.01607 0.841151 0.806832 0.788119 1.71092 0.732199 0.726591 0.723861 0.985035 0.734991 0.702631 0.697791 0.967784 0.831973 0.673407 0.61707 0.610985 0.602859
threshold=1.0000000180025095e-35 0.61544438779418698 -0.5008840990771678 1.7165539994479666 1.6329520483733682 0.47964808650894503 -0.98071012569754956 -0.93973856328893646 -0.36805381230554191 -0.39512005268754408 -0.29923375264560831 -0.4599154408067298 -0.081119359117021853 -0.20493038807522576 -0.91179159445153835 -0.54045623161434586 -1.1185042250486126 -1.4469831159870632 -1.5841043117019982 1.6758661632427945 1.2993605590551378 0.75056147091219505 -1.664457234418135 -0.40935508836031004 0.47999169967707689 -0.46356666637471267 1.6473880431450916 -0.067348458797181723 0.49323774402245862 0.71123222601137459
decision_type=2 2 2 2 2 2 2 2 2 2 2 2 2 2 2 2 2 2 2 2 2 2 2 2 2 2 2 2 2 2
left_child=2 5 6 4 -3 -2 15 22 9 23 -11 12 13 -10 17 -1 -17 -9 29 21 -21 -6 -8 25 -25 -4 -14 -12 -20 -7
right_child=1 3 8 -5 19 18 7 14 11 10 27 -13 26 -15 -16 16 -18 -19 28 20 -22 -23 -24 24 -26 -27 -28 -29 -30 -31
leaf_value=-0.0020088996753215927 -0.00023807982777547681 0.00095472329128364606 -0.00040794505470581133 0.0076054972264915704 -0.0062577310089881599 -0.007137420204936306 -0.011547968891404924 -0.017889436446906378 0.0056809835589012592 -0.025095053588518421 0.009666506917430805 0.00017090179225336967 0.0025107887658913884 0.027151686993117138 -0.00080002011222384786 -0.0049511842449040467 -0.034322782921726296 -0.0038174884262211295 0.0069397994825627909 0.0061794047200237406 -0.0060421861602550321 0.011547720236170636 0.0074520560744510888 0.013996126722320444 -0.00062593196096988226 -0.0039189176584343375 0.019759155778835219 -0.0064967916286622664 0.00078472976098238265 -0.00077672070999820926
leaf_weight=4829 29022 20624 15820 250 26 181 21 48 37 37 26 25482 398 36 17954 144 23 161 163 206 97 214 266 79 106 705 24 258 15232 843
leaf_count=4829 29022 20624 15820 250 26 181 21 48 37 37 26 25482 398 36 17954 144 23 161 163 206 97 214 266 79 106 705 24 258 15232 843
internal_value=8.01909e-13 0.000430987 -0.000433608 0.00114801 0.00107174 9.30435e-05 -0.0010791 -0.000764072 -8.17162e-05 -0.000618316 -0.00733134 0.000270089 0.0053761 0.0162693 -0.00087193 -0.00224247 -0.00899637 -0.00704932 0.000678333 0.00551635 0.00226688 0.0096188 0.00606181 -0.000489359 0.00561808 -0.000557732 0.00349174 -0.00501705 0.000849899 -0.00190102
internal_weight=133312 66858 66454 21417 21167 45441 23446 18450 43008 17031 321 25977 495 73 18163 4996 167 209 16419 543 303 240 287 16710 185 16525 422 284 15395 1024
internal_count=133312 66858 66454 21417 21167 45441 23446 18450 43008 17031 321 25977 495 73 18163 4996 167 209 16419 543 303 240 287 16710 185 16525 422 284 15395 1024
is_linear=0
shrinkage=0.1


Tree=58
num_leaves=31
num_cat=0
split_feature=2 0 0 1 1 1 0 0 4 1 1 0 1 0 3 4 0 1 0 0 1 1 1 0 0 0 0 1 0 1
split_gain=2.27216 1.39601 1.31769 0.918421 0.917321 0.969861 1.05276 1.98418 0.882864 0.944795 0.817895 1.2513 0.776927 0.763688 0.694097 0.7841 1.9187 1.33716 0.645173 1.13579 0.642099 1.67785 0.637577 1.00189 1.45107 0.60239 0.572469 0.548101 0.979928 0.526238
threshold=1.0000000180025095e-35 0.39875252827049407 -0.89691327455437053 -0.86892668060500788 1.4859446410606774 1.5534151710074486 -1.664457234418135 -1.6104220491653367 1.0000000180025095e-35 -1.1333956292085314 1.6625467557041274 -1.1313028580400204 1.7164242529502232 -1.7052773815020628 1.0000000180025095e-35 1.0000000180025095e-35 0.35768995104909213 -1.582853382260651 -1.6912697975268183 -1.6771782804462929 -1.582853382260651 -1.625216201180067 1.6625467557041274 -0.67555421783284897 -0.83011777579712021 -0.081578325255809797 1.6755083173766263 1.5263981832552547 0.27633224319172528 1.6473880431450916
decision_type=2 2 2 2 2 2 2 2 2 2 2 2 2 2 2 2 2 2 2 2 2 2 2 2 2 2 2 2 2 2
left_child=2 4 8 -4 14 27 -7 -8 12 18 13 -12 20 -11 15 17 -17 -2 -10 -20 21 -1 -5 24 -24 -25 29 -6 -29 -3
right_child=1 26 3 22 5 6 7 -9 9 10 11 -13 -14 -15 -16 16 -18 -19 19 -21 -22 -23 23 25 -26 -27 -28 28 -30 -31
leaf_value=-0.001755267820310869 -0.0055750028518705228 0.00082365306853202514 -0.00090530398195046505 1.6167703813479058e-05 0.0025721504593261206 -0.012090130055707599 0.018953409809619189 0.00050593992691821152 0.0079872284196317207 -0.0070075781508681509 0.017474079441923935 -0.0069421544310546692 0.01254980352241546 0.00050123743665327156 0.0003394149080662484 0.00064452717621079009 -0.012506291705422699 -0.00073757298634364601 -0.025620322617823668 -0.003099223017350862 -0.0016140700521291938 -0.015657249500118039 -0.0045944111636624886 -0.0029458215737491319 0.025203158049878934 0.0031488411395938771 0.0032956210714170987 0.0093786281887247858 -0.012966324370132671 0.0039715145842787944
leaf_weight=321 600 24170 12514 36952 477 63 60 2064 50 140 65 31 38 4166 19265 6095 113 11995 23 849 10273 119 26 212 44 690 1033 300 21 543
leaf_count=321 600 24170 12514 36952 477 63 60 2064 50 140 65 31 38 4166 19265 6095 113 11995 23 849 10273 119 26 212 44 690 1033 300 21 543
internal_value=8.1702e-12 0.000411959 -0.00041373 -0.000162454 4.9931e-05 0.00173802 0.000649194 0.00102705 -0.00120215 -0.000149032 0.000460632 0.00958967 -0.00172366 0.000257105 -8.24361e-05 -0.000514652 0.000405152 -0.000968018 -0.00305981 -0.00369324 -0.00177429 -0.00551512 8.2668e-05 0.00261077 0.0141355 0.00171639 0.000989226 0.00472207 0.00791681 0.000892819
internal_weight=133312 66799 66513 50438 41053 2985 2187 2124 16075 5324 4402 96 10751 4306 38068 18803 6208 12595 922 872 10713 440 37924 972 70 902 25746 798 321 24713
internal_count=133312 66799 66513 50438 41053 2985 2187 2124 16075 5324 4402 96 10751 4306 38068 18803 6208 12595 922 872 10713 440 37924 972 70 902 25746 798 321 24713
is_linear=0
shrinkage=0.1


Tree=59
num_leaves=31
num_cat=0
split_feature=3 0 4 1 0 0 1 0 1 0 1 1 0 1 0 1 1 1 1 1 0 0 0 1 0 2 1 1 1 0
split_gain=1.89831 1.30166 1.17589 1.18506 1.45071 1.39183 1.31709 1.32467 1.30876 1.5808 1.11602 1.32672 1.59121 1.43001 1.32027 1.2369 1.09902 0.919294 0.864873 0.922765 0.826107 0.793544 0.747239 0.735685 0.709673 0.708778 0.676246 0.762489 1.79405 0.730102
threshold=1.0000000180025095e-35 1.2171728525832788 1.0000000180025095e-35 1.0000000180025095e-35 1.4845421030060928 1.4714890195892034 0.50741869166641418 1.4983336419829485 -0.39512005268754408 -1.5020979626235937 -0.65122107733173962 0.040439886202944537 1.7028524135910643 1.2403971821142508 -1.5438104184792234 -0.23159998956157571 0.28750424435433314 1.70236410240915 -1.582853382260651 -0.80155907459109021 1.6755083173766263 0.66822811459745068 1.6484719797302079 -0.081119359117021853 1.7165539994479666 1.0000000180025095e-35 -0.21861641151918257 -0.31372758102863535 -0.28666408223279427 1.2574761408619162
decision_type=2 2 2 2 2 2 2 2 2 2 2 2 2 2 2 2 2 2 2 2 2 2 2 2 2 2 2 2 2 2
left_child=2 17 10 8 5 -5 16 -8 -4 23 14 12 22 21 18 -14 -6 -2 25 -20 -15 -13 -12 -10 26 -1 27 29 -29 -3
right_child=1 24 3 4 6 -7 7 -9 9 -11 11 13 15 20 -16 -17 -18 -19 19 -21 -22 -23 -24 -25 -26 -27 -28 28 -30 -31
leaf_value=-0.0044254445858920612 0.00015600866857930868 0.0052338200164268973 7.8699652541182981e-05 0.00071782022971785529 0.0067274767970897202 -0.017744475867735542 0.022583112130814698 0.0016587693002185081 -0.0085649355321230618 -0.0018332965778620485 0.00068908610987028452 -0.0017439977080893816 0.0057275831530039963 0.0003704409015194847 -0.0011839575408648111 0.033582144334912301 0.022691874773894897 0.0046788646173961546 -0.0028504025172706692 -0.013771425956713684 0.0097182322759181271 -0.00019227334143006171 -0.0068359452112119155 -0.025140332797485773 0.0066934665255248549 -0.022987366966359939 0.0020375239024331133 -0.017583282503227778 0.00082150220722806717 0.00028252859188880635
leaf_weight=36 56481 324 8568 10043 121 41 32 555 142 2313 8669 10826 44 6219 13023 25 67 453 592 89 96 4738 134 33 250 48 5422 78 165 3685
leaf_count=36 56481 324 8568 10043 121 41 32 555 142 2313 8669 10826 44 6219 13023 25 67 453 592 89 96 4738 134 33 250 48 5422 78 165 3685
internal_value=-1.4039e-12 0.000376212 -0.000378499 0.000221183 0.000963183 0.000642755 0.00513246 0.00279945 -0.000507595 -0.00252663 -0.000673568 -0.000338381 0.000693106 -0.000756652 -0.00142113 0.0158198 0.0124169 0.000191995 -0.00545857 -0.00427767 0.000512545 -0.00127162 0.000574539 -0.0116906 0.00143307 -0.0150323 0.00129712 0.000352993 -0.00508621 0.000682683
internal_weight=133312 66858 66454 21915 10859 10084 775 587 11056 2488 44539 30751 8872 21879 13788 69 188 56934 765 681 6315 15564 8803 175 9924 84 9674 4252 243 4009
internal_count=133312 66858 66454 21915 10859 10084 775 587 11056 2488 44539 30751 8872 21879 13788 69 188 56934 765 681 6315 15564 8803 175 9924 84 9674 4252 243 4009
is_linear=0
shrinkage=0.1


Tree=60
num_leaves=31
num_cat=0
split_feature=2 0 0 1 1 4 0 1 0 1 4 1 1 0 1 1 0 4 1 1 1 0 1 0 0 0 1 1 1 0
split_gain=1.84767 0.998765 0.983834 0.689531 1.13421 0.675889 0.728786 1.42504 1.00141 0.674102 1.03582 1.60336 0.950439 0.896639 0.886464 0.850511 0.696181 0.672429 0.771593 0.664865 0.670143 0.651148 0.596475 0.552005 0.522641 0.920018 0.511425 1.36481 0.493248 0.47582
threshold=1.0000000180025095e-35 0.39875252827049407 -0.89691327455437053 0.35671371217684766 0.32891996553997349 1.0000000180025095e-35 -0.67555421783284897 1.6473880431450916 -0.63475074041625767 1.1723580041465129 1.0000000180025095e-35 -1.6389242138941136 -1.6121428977731687 -1.5020979626235937 1.1319660425107732 0.21882165182491162 0.13655209658715245 1.0000000180025095e-35 -1.1333956292085314 -1.0631441844192999 1.6625467557041274 0.34503897799486938 1.7164242529502232 -1.5973401091315507 -1.6912697975268183 -1.6771782804462929 -1.582853382260651 -1.6389242138941136 1.6625467557041274 1.5262323010967183
decision_type=2 2 2 2 2 2 2 2 2 2 2 2 2 2 2 2 2 2 2 2 2 2 2 2 2 2 2 2 2 2
left_child=2 9 17 4 -4 6 7 -5 -8 10 12 16 13 -2 -14 -13 -12 22 24 23 -21 -6 26 -20 -19 -26 27 -1 -28 -23
right_child=1 -3 3 5 21 -7 8 -9 -10 -11 11 15 14 -15 -16 -17 -18 18 19 20 -22 29 -24 -25 25 -27 28 -29 -30 -31
leaf_value=-0.00070296082526041565 -0.01330178563732134 0.00085976385633463107 -0.00038572489642112439 0.0014826379942110453 -0.0099932091678247639 0.0011254118489000195 -0.0071396613137726236 0.016987174606557739 -0.00020691150118330877 0.00097755134344667725 0.0084557051562022516 -0.00018422617887670233 -0.00029002432406207492 -0.0026111442414354434 -0.0056757396728836845 0.0016751464537216069 -0.0054807361867278822 0.0071770792817696929 0.021794270884002681 2.612154493994837e-05 0.0084762815148375619 0.00020197244727684335 0.010997006260348779 0.0044546646424210986 -0.023070530130770869 -0.0028012318646472752 -0.0013193660576719757 -0.012296352308220085 -0.0066592144990202289 -0.012895115471981239
leaf_weight=281 86 25746 30019 1004 190 6631 212 63 12112 6765 345 7298 21604 894 310 3711 40 50 23 4192 96 174 38 91 23 849 10097 159 176 33
leaf_count=281 86 25746 30019 1004 190 6631 212 63 12112 6765 345 7298 21604 894 310 3711 40 50 23 4192 96 174 38 91 23 849 10097 159 176 33
internal_value=1.55885e-12 0.000371489 -0.000373087 -0.000155964 -0.00045595 0.000299753 -0.0001091 0.00239809 -0.00032617 6.52724e-05 -0.00011472 0.000664383 -0.000502467 -0.0035493 -0.000366212 0.000442546 0.00700776 -0.00105434 -0.000135264 0.00041569 0.000215304 -0.00576601 -0.00150948 0.00795301 -0.00276574 -0.00333586 -0.00155384 -0.00489239 -0.00141085 -0.00188597
internal_weight=133312 66799 66513 50438 30416 20022 13391 1067 12324 41053 34288 11394 22894 980 21914 11009 385 16075 5324 4402 4288 397 10751 114 922 872 10713 440 10273 207
internal_count=133312 66799 66513 50438 30416 20022 13391 1067 12324 41053 34288 11394 22894 980 21914 11009 385 16075 5324 4402 4288 397 10751 114 922 872 10713 440 10273 207
is_linear=0
shrinkage=0.1


Tree=61
num_leaves=31
num_cat=0
split_feature=3 0 1 1 1 0 1 1 4 0 0 0 1 4 0 0 1 1 1 0 0 1 1 0 0 0 0 1 2 1
split_gain=1.54327 1.0259 0.926852 1.10023 0.932323 0.872734 0.725954 0.782961 0.952543 1.28109 0.685075 0.843647 1.58098 0.678867 0.852857 1.19334 1.07939 1.23208 0.809656 1.73226 1.45381 0.898296 0.755916 0.740317 0.66799 0.661672 0.647706 0.827099 0.629503 0.613206
threshold=1.0000000180025095e-35 1.5940659747050052 0.50741869166641418 0.53370982516702414 0.4524136124778052 -1.1867184709716272 1.2545506272603555 1.2279136261864239 1.0000000180025095e-35 0.86208144572062018 1.5795329942026839 1.0253162623782182 1.2969728518370454 1.0000000180025095e-35 0.90311473590117242 0.95781783596699255 1.6758661632427945 0.85904573207354085 1.3774839391345102 -1.0767777741700191 -1.0222119280693127 1.4859446410606774 0.41105895368209155 0.97119495348589113 -0.74713009814799736 1.0120705111601314 -1.0906436271431159 1.1176565880083282 1.0000000180025095e-35 0.83291638637502097
decision_type=2 2 2 2 2 2 2 2 2 2 2 2 2 2 2 2 2 2 2 2 2 2 2 2 2 2 2 2 2 2
left_child=5 6 4 -4 -3 -1 7 26 28 -10 11 25 -13 18 16 22 17 -15 29 21 -21 -20 -16 -17 -18 -8 -2 -28 -9 -7
right_child=1 2 3 -5 -6 13 10 8 9 -11 -12 12 -14 14 15 23 24 -19 19 20 -22 -23 -24 -25 -26 -27 27 -29 -30 -31
leaf_value=-0.0011795487044152153 -0.00054150589995992035 0.0012360873199595312 0.028050713129341605 0.0043346836497091907 -0.01549220457125236 -0.00039111794761542305 0.00078563514617164805 -0.0053211927491300295 -0.015088857460394504 0.0047516011082651939 -0.01451521077459412 0.014894065666859121 0.0024152641853938828 -0.00054180619839420995 0.010349530591990735 -0.0079046116650873886 -0.019183406629002628 0.0017469848518935739 0.0011995857095588808 -0.01351903880346678 0.00083083034565652539 0.018658968899611997 0.000752470526279603 0.0011514858345937798 -0.0045698091583002273 -0.013196843364002073 0.00024379556282170126 0.0025039514302194732 0.003441879312218777 -0.0015193578192941777
leaf_weight=10464 10571 1658 20 892 34 27778 7350 155 125 44 28 110 1318 10034 232 92 39 3072 46 72 3634 82 127 4796 158 34 42662 1683 174 5828
leaf_count=10464 10571 1658 20 892 34 27778 7350 155 125 44 28 110 1318 10034 232 92 39 3072 46 72 3634 82 127 4796 158 34 42662 1683 174 5828
internal_value=-9.91946e-13 0.000339211 0.00228504 0.00485477 0.00089994 -0.000341273 0.000260353 0.000126101 -0.00382115 -0.00992329 0.00110192 0.00115154 0.00337652 -0.000184608 0.000310082 0.00138974 -0.000115758 -5.32168e-06 -0.000429706 0.000947074 0.000552042 0.0123845 0.00695447 0.000981036 -0.00746286 0.000721252 0.000161896 0.000329574 -0.00068662 -0.000586779
internal_weight=133312 66858 2604 912 1692 66454 64254 55414 498 169 8840 8812 1428 55990 18550 5247 13303 13106 37440 3834 3706 128 359 4888 197 7384 54916 44345 329 33606
internal_count=133312 66858 2604 912 1692 66454 64254 55414 498 169 8840 8812 1428 55990 18550 5247 13303 13106 37440 3834 3706 128 359 4888 197 7384 54916 44345 329 33606
is_linear=0
shrinkage=0.1


Tree=62
num_leaves=31
num_cat=0
split_feature=2 1 1 1 4 3 0 0 0 0 0 1 0 0 0 3 0 0 0 1 4 1 0 1 0 1 0 0 1 1
split_gain=1.48892 0.768293 1.19206 0.952601 1.10599 2.07656 1.29059 0.950644 1.62326 0.826965 1.22967 0.997736 0.714311 0.70652 0.979517 1.16305 0.597541 0.709226 0.557161 0.883794 0.546286 1.10265 1.58237 1.56341 0.822354 0.733805 0.508557 2.35217 0.726525 2.17596
threshold=1.0000000180025095e-35 -1.2166497752400189 -1.2559416080252952 -1.2686185968858925 1.0000000180025095e-35 1.0000000180025095e-35 -0.86992621940557202 -0.56768495210721237 -0.39283163977556773 1.6616309722471232 1.6347047388440266 -1.6929017769730061 -1.293258937286077 0.083037160214044267 0.11016994778264054 1.0000000180025095e-35 -1.1867184709716272 -1.3325181519180707 -1.7052773815020628 -1.3517739694608502 1.0000000180025095e-35 -1.1333956292085314 -0.12159014014618205 0.040439886202944537 1.3915677477685855 1.7164242529502232 -0.013479946179537383 -0.026421291365354559 1.6625467557041274 1.6075152594604856
decision_type=2 2 2 2 2 2 2 2 2 2 2 2 2 2 2 2 2 2 2 2 2 2 2 2 2 2 2 2 2 2
left_child=1 2 3 9 6 -6 -5 16 -9 10 -1 -11 -3 18 15 -15 17 -4 19 -2 24 22 -22 -23 25 -14 27 -20 29 -28
right_child=13 12 7 4 5 -7 -8 8 -10 11 -12 -13 20 14 -16 -17 -18 -19 26 -21 21 23 -24 -25 -26 -27 28 -29 -30 -31
leaf_value=-0.0010523781324695278 -0.014725315503744505 -0.0011295933684510042 -0.010209369378801632 0.01377241799206126 0.029597035897049036 0.00056669242663442022 -0.0049579816256565129 0.016849024321418254 -0.0041134031307878743 0.026162147550799309 -0.015661750987557503 0.0029870855746362709 -0.00050799097673412364 0.00037523730896884183 0.00060262966690687318 0.0098010327400840525 -0.014554442648442268 0.0066726297391830267 9.0748143170835477e-05 -0.0017483404691723227 -0.0017360652301412743 -0.00090000551130189985 0.010014110415413467 0.0011023090444946947 0.0010976371233290692 0.0066730866582341286 -0.0017564765199433461 0.0099661780693740751 -0.015609005133673136 0.023077074991953044
leaf_weight=8648 59 7111 76 51 44 56 132 40 483 21 58 161 29019 269 31301 255 134 37 32352 475 195 6667 278 9394 3765 143 1773 243 36 36
leaf_count=8648 59 7111 76 51 44 56 132 40 483 21 58 161 29019 269 31301 255 134 37 32352 475 195 6667 278 9394 3765 143 1773 243 36 36
internal_value=1.01724e-11 -0.000334914 -0.00114568 -0.000828381 0.00488319 0.01334 0.000261966 -0.00492485 -0.00251016 -0.00101024 -0.00114971 0.00566113 -0.000192444 0.00033348 0.00067441 0.00496222 -0.0100377 -0.00468164 2.32466e-05 -0.00318213 -5.77099e-05 0.000411282 0.00516996 0.000271138 -0.00029321 -0.000472778 7.29467e-05 0.000164371 -0.00154221 -0.00126228
internal_weight=133312 66513 9941 9171 283 100 183 770 523 8888 8706 182 56572 66799 31825 524 247 113 34974 534 49461 16534 473 16061 32927 29162 34440 32595 1845 1809
internal_count=133312 66513 9941 9171 283 100 183 770 523 8888 8706 182 56572 66799 31825 524 247 113 34974 534 49461 16534 473 16061 32927 29162 34440 32595 1845 1809
is_linear=0
shrinkage=0.1


Tree=63
num_leaves=31
num_cat=0
split_feature=3 0 1 1 0 1 1 0 0 1 1 2 1 0 1 0 1 1 4 1 0 1 0 1 1 1 0 1 1 0
split_gain=1.24611 0.773313 0.819048 1.90225 1.45759 1.98742 1.07841 0.774933 0.64199 0.760599 0.681733 0.63963 0.635194 1.62065 0.790434 0.603925 0.582266 0.573557 0.540115 1.1156 1.33375 1.07728 0.84547 0.873282 1.01234 0.562368 0.805525 0.723556 0.536186 0.548966
threshold=1.0000000180025095e-35 1.2713524307979476 -0.28666408223279427 -0.31372758102863535 1.2993605590551378 0.69713808140194899 0.28750424435433314 1.5128062009993337 1.2574761408619162 -1.0072735885236976 -1.2559416080252952 1.0000000180025095e-35 1.6758661632427945 1.5395584382489742 1.6473880431450916 1.2993605590551378 1.70236410240915 -1.7205329913411653 1.0000000180025095e-35 -1.582853382260651 -1.5020979626235937 -1.625216201180067 1.4187955731646051 -1.6121428977731687 -1.625216201180067 1.2545506272603555 1.4320094499535589 1.1041039935188308 1.6625467557041274 -0.04038609978318064
decision_type=2 2 2 2 2 2 2 2 2 2 2 2 2 2 2 2 2 2 2 2 2 2 2 2 2 2 2 2 2 2
left_child=11 8 3 15 5 6 -4 -5 16 10 -10 28 14 -14 -6 -3 -2 -17 19 20 -13 -22 23 24 -20 27 -27 -21 29 -1
right_child=1 2 4 7 12 -7 -8 -9 9 -11 -12 18 13 -15 -16 17 -18 -19 22 25 21 -23 -24 -25 -26 26 -28 -29 -30 -31
leaf_value=-0.0010937820843794574 0.000165872006979583 -0.0048517970176654287 0.0095232812310114684 -0.026967480313032866 0.0015992664734911311 0.00077968342949660797 0.026844237437762788 -0.0063126392853565709 -0.0027193395518942884 -0.0076061634392900288 0.019731447996482965 -0.018732899575578898 -0.017625187054675605 0.0078610031720664757 0.01324684012333973 -0.010932119032146321 0.0037495509816228702 0.0008250914000725103 0.0033897640963073657 -0.00019173491379197237 -0.00056866496086557881 -0.0082943367914868945 0.0034077191392913328 0.00012281001745376361 0.021273422374257021 0.0015992204998296119 -0.0041338011997737994 -0.0029957495269477834 0.0023031465716379265 -0.0002724651997830671
leaf_weight=15868 57255 209 82 34 4666 152 64 39 38 206 21 55 56 45 59 42 457 3433 331 17289 656 249 964 9578 35 2866 268 972 617 16706
leaf_count=15868 57255 209 82 34 4666 152 64 39 38 206 21 55 56 45 59 42 457 3433 331 17289 656 249 964 9578 35 2866 268 972 617 16706
internal_value=-1.295e-11 0.000304809 0.00117376 5.2243e-05 0.00199608 0.0087834 0.017116 -0.0159327 0.000171701 -0.00473903 0.00527162 -0.000306662 0.00157697 -0.00626995 0.00174471 0.000368991 0.00019425 0.00068299 3.24648e-06 -0.000278233 -0.00361317 -0.00269429 0.000580115 0.000305999 0.00509995 -0.000128594 0.00110897 -0.000340988 -0.000617243 -0.000672559
internal_weight=133312 66858 8881 3757 5124 298 146 73 57977 265 59 66454 4826 101 4725 3684 57712 3475 33263 22355 960 905 10908 9944 366 21395 3134 18261 33191 32574
internal_count=133312 66858 8881 3757 5124 298 146 73 57977 265 59 66454 4826 101 4725 3684 57712 3475 33263 22355 960 905 10908 9944 366 21395 3134 18261 33191 32574
is_linear=0
shrinkage=0.1


Tree=64
num_leaves=31
num_cat=0
split_feature=2 1 0 1 1 0 0 0 0 3 0 0 1 1 1 1 0 1 0 3 1 0 1 1 1 0 1 0 0 1
split_gain=1.08234 0.644307 0.683275 1.65474 0.590579 1.04178 0.697678 0.679048 1.65486 0.650599 0.615944 0.560774 0.520435 0.812063 0.917168 0.775899 0.505086 0.689186 0.487531 0.475697 0.564466 1.31028 0.511814 0.4629 0.855598 0.876167 0.500886 0.692493 0.468849 0.431191
threshold=1.0000000180025095e-35 -1.528189220482731 -1.5020979626235937 -1.4205275839671789 -1.5971873910684447 1.6616309722471232 1.5529670407841329 1.6347047388440266 1.5262323010967183 1.0000000180025095e-35 -1.6509015653174675 1.5940659747050052 -1.5545329032043538 -1.4479567955511441 -1.3792605562038578 -1.3227491810155729 -1.7052773815020628 -1.295855091744633 1.6484719797302079 1.0000000180025095e-35 -1.5013171877676104 0.8761331149580297 -1.4883402405223272 0.027536199326010976 0.040439886202944537 0.58895547961095829 -0.012716722537446152 1.1478662893512472 0.7363965729410985 0.26029141931089844
decision_type=2 2 2 2 2 2 2 2 2 2 2 2 2 2 2 2 2 2 2 2 2 2 2 2 2 2 2 2 2 2
left_child=1 4 3 -3 5 6 -1 8 10 -8 -6 16 18 -14 -15 -16 17 -2 -13 20 21 -4 -22 26 25 -25 -18 -28 -26 -19
right_child=11 2 19 -5 7 -7 9 -9 -10 -11 -12 12 13 14 15 -17 23 29 -20 -21 22 -23 -24 24 28 -27 27 -29 -30 -31
leaf_value=-0.00064833965426961424 -0.012010494084425376 -0.012252846480190864 0.0085429500655226295 -0.0010774677041307111 0.011125320781554496 0.012582715286006189 -0.017745321351004411 -0.017671379022067415 0.018519255078530739 -0.0011064949980441562 -0.0038797297884405561 -0.013024210828271779 0.012745395331117121 -0.010363069021326232 0.016230650893167445 0.0018233867365379604 4.6537679816882575e-05 0.00136277177595138 -3.4118508807865972e-06 0.00016499997246315293 -0.0066125160503659897 -0.0080341201361079587 -0.00041791846224695673 0.01049343798824698 0.00025022150320889791 -0.0024004759273020091 -0.0014187688463591973 -0.010611517158673799 0.0011374184552589957 -0.0047647368692532539
leaf_weight=2470 71 137 187 4031 28 58 47 32 35 47 1191 44 69 61 38 2292 31632 252 83 29296 134 64 28756 167 23035 77 639 94 8034 211
leaf_count=2470 71 137 187 4031 28 58 47 32 35 47 1191 44 69 61 38 2292 31632 252 83 29296 134 64 28756 167 23035 77 639 94 8034 211
internal_value=-3.35212e-12 -0.000285548 -0.000207786 -0.0014448 -0.00153127 -0.000670342 -0.000970138 -0.00328659 -0.00291952 -0.00942591 -0.00353507 0.000284326 0.00172783 0.0020501 0.00174146 0.00205835 0.000226169 -0.00283649 -0.00451455 -0.000119557 -0.000405628 0.00431613 -0.000446651 0.000251852 0.000525962 0.00642446 -1.33476e-05 -0.00259765 0.000479638 -0.00142968
internal_weight=133312 66513 62605 4168 3908 2622 2564 1286 1254 94 1219 66799 2587 2460 2391 2330 64212 534 127 58437 29141 251 28890 63678 31313 244 32365 733 31069 463
internal_count=133312 66513 62605 4168 3908 2622 2564 1286 1254 94 1219 66799 2587 2460 2391 2330 64212 534 127 58437 29141 251 28890 63678 31313 244 32365 733 31069 463
is_linear=0
shrinkage=0.1


Tree=65
num_leaves=31
num_cat=0
split_feature=3 0 1 0 1 0 0 1 1 4 1 1 0 1 1 0 0 0 0 1 1 0 1 1 1 0 1 0 0 1
split_gain=0.914944 0.669314 0.54511 0.569201 0.677275 1.17774 0.664816 1.90306 0.59511 0.533763 0.713297 1.14832 1.2424 1.00127 0.821197 0.795564 0.688387 0.681808 1.09212 1.16036 1.52915 0.882306 0.809566 0.763378 1.06233 0.758505 0.853084 0.695306 0.679847 0.615701
threshold=1.0000000180025095e-35 1.7165539994479666 0.94173826827373641 -1.4879188024431256 0.98361332679660662 1.5262323010967183 -1.5155291986113173 1.2683531196907678 0.99763118324291822 1.0000000180025095e-35 -0.65122107733173962 0.040439886202944537 1.7028524135910643 -0.23159998956157571 1.2403971821142508 -1.5438104184792234 1.3122022017197439 0.90311473590117242 1.0673999549724995 -0.24612278380527014 -0.012716722537446152 0.88950629404955894 -0.3409765404152269 0.28750424435433314 0.46612024642571209 1.080273990019111 0.2318540417735668 -1.7184158235506455 1.6755083173766263 -0.80155907459109021
decision_type=2 2 2 2 2 2 2 2 2 2 2 2 2 2 2 2 2 2 2 2 2 2 2 2 2 2 2 2 2 2
left_child=9 2 -2 6 5 -5 -4 -8 -6 10 15 12 16 -14 -13 29 -12 21 19 22 -21 23 -19 27 -25 26 -20 -11 -16 -1
right_child=1 -3 3 4 8 -7 7 -9 -10 17 11 14 13 -15 28 -17 -18 18 25 20 -22 -23 -24 24 -26 -27 -28 -29 -30 -31
leaf_value=-0.0031639293028722301 8.6144888691021672e-05 0.0054257211877731613 -0.00051989942401909532 0.0029301979090053808 -0.0040092870174888882 0.020573474898119459 -0.02184408043690941 0.0024672368895325408 0.00086832745342955606 -0.012003661428052174 0.000986873447317933 -0.00097297903038450102 0.0050521245060901332 0.030113408118486409 0.00025015040783756118 -0.00087511329109975363 -0.0017403677031357944 0.0066576088630795685 -0.019819313038188298 -0.012952215541019172 0.0029059526267019467 -0.010274382085311985 0.024189410490466148 0.0040210987146777673 0.00022411960041060654 0.00060002536126482634 0.00084004289947631889 -0.00062481916664313677 0.0087301600449109177 -0.012011971629702233
leaf_weight=676 51393 250 967 699 255 40 57 74 13123 54 7752 15564 44 25 6219 13023 1051 444 39 69 512 86 28 840 6001 4114 41 9687 96 89
leaf_count=676 51393 250 967 699 255 40 57 74 13123 54 7752 15564 44 25 6219 13023 1051 444 39 69 512 86 28 840 6001 4114 41 9687 96 89
internal_value=-2.22673e-12 0.000261184 0.0002418 0.000767569 0.000938148 0.00388518 -0.00142557 -0.00811097 0.000775355 -0.000262772 -0.000461571 -0.000193601 0.000766033 0.0141323 -0.000582735 -0.00105922 0.000661265 0.000141258 0.0011354 0.00401465 0.00102262 -0.000171691 0.00769763 -0.000119295 0.000690347 0.000412492 -0.00923139 -0.000687899 0.000379063 -0.00419331
internal_weight=133312 66858 66608 15215 14117 739 1098 131 13378 66454 44539 30751 8872 69 21879 13788 8803 21915 5247 1053 581 16668 472 16582 6841 4194 80 9741 6315 765
internal_count=133312 66858 66608 15215 14117 739 1098 131 13378 66454 44539 30751 8872 69 21879 13788 8803 21915 5247 1053 581 16668 472 16582 6841 4194 80 9741 6315 765
is_linear=0
shrinkage=0.1


Tree=66
num_leaves=31
num_cat=0
split_feature=2 1 0 1 1 0 0 0 0 0 0 1 1 1 1 1 0 0 4 1 0 0 0 1 0 1 0 0 1 0
split_gain=0.875859 0.495711 0.542384 1.23003 0.473742 0.8337 0.618842 0.554305 1.33855 0.509968 0.453743 0.431488 1.15207 0.957996 0.417166 0.802673 0.789121 1.63654 0.515693 0.494734 0.697301 2.57796 1.50189 0.515309 1.04731 0.441327 0.801078 0.47978 0.410238 0.351386
threshold=1.0000000180025095e-35 -1.528189220482731 -1.6509015653174675 -1.4479567955511441 -1.5971873910684447 1.6616309722471232 1.6347047388440266 1.6347047388440266 1.5262323010967183 -1.6509015653174675 0.39875252827049407 -0.95303886162758167 -1.0903787746241169 -0.63747942393191692 1.4859446410606774 1.5534151710074486 -1.664457234418135 -1.6104220491653367 1.0000000180025095e-35 1.4317441672950451 -0.21758255022076242 1.0000000180025095e-35 -0.54045623161434586 1.3906920578122943 -0.91060317838706772 1.5263981832552547 0.27633224319172528 0.27633224319172528 -1.6929017769730061 -0.40641640779740301
decision_type=2 2 2 2 2 2 2 2 2 2 2 2 2 2 2 2 2 2 2 2 2 2 2 2 2 2 2 2 2 2
left_child=1 4 3 -3 5 6 -1 8 9 -6 14 12 -5 -13 19 25 18 -18 -17 23 22 -22 -21 -2 -25 27 -27 -16 -7 -4
right_child=10 2 29 11 7 28 -8 -9 -10 -11 -12 13 -14 -15 15 16 17 -19 -20 20 21 -23 -24 24 -26 26 -28 -29 -30 -31
leaf_value=-0.00070547416011307621 -3.4530535666549904e-05 -0.020888460876064049 -0.00045647101737738551 -0.002283379501197487 0.010196085235345112 0.022440778588255248 -0.017942652354637781 -0.015918210921518041 0.016691293091114081 -0.0034572397667653552 0.00058487784061806781 -0.0095084223348760252 0.012600080960908453 -0.0012937877262414103 0.0012594380142182083 -0.018170681698737961 0.016804749521737296 5.1093902268895164e-05 0.00032217738777399064 -0.0021289548425475107 0.017007463724888251 -0.0069010411910081313 -0.016853956522644761 -0.0025872542216777701 0.0071500515735134808 0.0080908745510969316 -0.012112301062526448 0.016063760949865634 0.0049414465052855985 4.0300184440563717e-05
leaf_weight=2543 36972 34 22572 175 28 21 21 32 35 1191 25746 165 74 1017 454 38 60 2064 25 356 73 118 86 182 281 300 21 23 37 38568
leaf_count=2543 36972 34 22572 175 28 21 21 32 35 1191 25746 165 74 1017 454 38 60 2064 25 356 73 118 86 182 281 300 21 23 37 38568
internal_value=-6.00269e-12 -0.00025687 -0.000188663 -0.00209015 -0.00134954 -0.000578462 -0.000846652 -0.00292167 -0.00259002 -0.00314363 0.000255771 -0.00164351 0.00213982 -0.0024405 4.93743e-05 0.00118776 0.000197216 0.000524361 -0.0108322 -3.98893e-05 -0.00281221 0.00223676 -0.004994 6.98868e-06 0.00332243 0.00390245 0.00676917 0.00197327 0.0112774 -0.000143101
internal_weight=133312 66513 62605 1465 3908 2622 2564 1286 1254 1219 66799 1431 249 1182 41053 2985 2187 2124 63 38068 633 191 442 37435 463 798 321 477 58 61140
internal_count=133312 66513 62605 1465 3908 2622 2564 1286 1254 1219 66799 1431 249 1182 41053 2985 2187 2124 63 38068 633 191 442 37435 463 798 321 477 58 61140
is_linear=0
shrinkage=0.1


Tree=67
num_leaves=31
num_cat=0
split_feature=3 0 1 1 1 1 1 0 0 1 1 1 0 1 1 4 1 1 1 4 0 4 4 1 1 0 1 0 0 1
split_gain=0.743517 0.542429 0.658156 0.905692 0.771693 1.4545 0.956078 0.711059 0.530966 0.514927 0.497785 1.63854 0.460864 0.634833 0.439011 1.24036 0.981586 0.435303 0.692895 0.763083 0.642501 0.95932 0.43449 0.568466 0.997845 1.60361 1.22166 0.96253 1.19354 1.13436
threshold=1.0000000180025095e-35 1.5940659747050052 0.50741869166641418 0.53370982516702414 0.28750424435433314 0.17733615895908875 0.13588097996985646 1.6616309722471232 1.6211908948580041 0.39752950442367924 1.6329520483733682 1.6075152594604856 1.5662704605009601 1.498783523019952 -1.0365022640883759 1.0000000180025095e-35 -0.66557245562019707 1.2545506272603555 1.2279136261864239 1.0000000180025095e-35 0.99796256044795928 1.0000000180025095e-35 1.0000000180025095e-35 1.0000000180025095e-35 -0.5841632747729022 -1.4048914043645619 -0.57145056519773363 1.4845421030060928 1.4714890195892034 0.6691315544946318
decision_type=2 2 2 2 2 2 2 2 2 2 2 2 2 2 2 2 2 2 2 2 2 2 2 2 2 2 2 2 2 2
left_child=22 12 4 -4 5 6 -3 -7 -6 -10 11 -5 17 14 15 -14 -16 18 -2 -20 -19 -22 -1 24 -24 -26 -27 28 -25 -29
right_child=1 2 3 10 8 7 -8 -9 9 -11 -12 -13 13 -15 16 -17 -18 20 19 -21 21 -23 23 27 25 26 -28 29 -30 -31
leaf_value=-0.00041624095940934842 0.00013139336677878965 0.00083811128309904778 0.024861338734626773 0.0035815426815083741 -0.01797663983438284 0.027309162174456753 -0.016639174614101648 0.0072570499983460948 -0.010491028529676524 0.0025656834328130112 0.013249707353922228 -0.021456863103365458 0.00035403140387694603 -0.01745215537292617 0.012863985768386297 -0.021843720714036282 -0.0023221741891092402 0.00047295631498332096 -0.0008313639112427798 -0.0091563110503491505 0.00098173686909818402 0.0064329067376578085 0.0003011887091592697 0.00045006409827787642 -0.0081111366262049071 -0.013326074903878042 -0.00074265512948582142 0.0093910687725025921 -0.016646589421689874 0.0013035204218169285
leaf_weight=44539 54466 1431 20 817 31 28 32 48 55 67 48 27 71 28 49 39 324 7318 327 166 986 480 7323 10043 354 79 3300 262 41 513
leaf_count=44539 54466 1431 20 817 31 28 32 48 55 67 48 27 71 28 49 39 324 7318 327 166 986 480 7323 10043 354 79 3300 262 41 513
internal_value=1.36198e-12 0.000235448 0.00165034 0.00381579 0.000483154 0.00115652 0.000455833 0.0146447 -0.00629008 -0.00332054 0.00334391 0.00278055 0.000178107 -0.00281307 -0.00196443 -0.00751608 -0.000327209 0.000202086 9.76122e-05 -0.00363449 0.000855747 0.00276657 -0.000236879 0.000127647 -0.000377104 -0.00170771 -0.00103685 0.000641555 0.000380552 0.00403763
internal_weight=133312 66858 2604 912 1692 1539 1463 76 153 122 892 844 64254 511 483 110 373 63743 54959 493 8784 1466 66454 21915 11056 3733 3379 10859 10084 775
internal_count=133312 66858 2604 912 1692 1539 1463 76 153 122 892 844 64254 511 483 110 373 63743 54959 493 8784 1466 66454 21915 11056 3733 3379 10859 10084 775
is_linear=0
shrinkage=0.1


Tree=68
num_leaves=31
num_cat=0
split_feature=2 1 1 0 0 0 3 0 0 1 4 1 0 4 1 0 1 0 1 0 0 0 0 1 0 1 0 1 1 1
split_gain=0.710607 0.409923 0.670174 1.27803 0.966412 0.81621 0.714782 0.627331 0.625897 1.13978 0.765487 0.46509 0.804804 0.417214 0.980383 0.817943 0.753272 1.00151 1.08313 0.623978 1.13581 0.563372 0.540384 0.683114 0.628138 0.538503 0.512199 0.485383 0.401783 1.03964
threshold=1.0000000180025095e-35 -0.51808262880615408 -0.49082063293779898 -0.56768495210721237 -0.70547956239531595 -1.1313028580400204 1.0000000180025095e-35 -0.1354559775113521 1.5529670407841329 -0.46356666637471267 1.0000000180025095e-35 -0.43677465053099424 -1.0072258850220777 1.0000000180025095e-35 -1.6792385571657114 -0.71883807825239754 -1.6389242138941136 -1.5020979626235937 -1.706756867122339 -1.0906436271431159 0.11016994778264054 0.45269217921968474 0.04147716324345601 -0.55765190047539714 0.12374848556711322 -1.6792385571657114 -1.1582719766168734 -1.7205329913411653 -1.2166497752400189 -1.2559416080252952
decision_type=2 2 2 2 2 2 2 2 2 2 2 2 2 2 2 2 2 2 2 2 2 2 2 2 2 2 2 2 2 2
left_child=28 13 3 4 5 -3 7 -5 11 -10 -11 12 -4 16 15 27 17 18 -2 26 -21 -17 23 -18 -24 -19 -16 -15 29 -1
right_child=1 2 8 6 -6 -7 -8 -9 9 10 -12 -13 -14 14 19 21 22 25 -20 20 -22 -23 24 -25 -26 -27 -28 -29 -30 -31
leaf_value=-0.00052136292649723141 -0.033614628974880489 0.014015854495976652 -0.0072080112239409702 -0.008720493749050158 0.031284943027421831 4.8168405431182418e-05 -0.0045773532072780655 0.0077589401142728158 0.020752060596714729 0.00042743527661892827 0.0044479395640543021 0.00033449295158150043 -0.00034359279733198303 0.0023048548411358808 -0.0010717032286478839 -0.0028244518315628303 -0.00060908790298569871 -0.00021620947623033978 -0.0057998595094042168 0.002261562256576778 -0.00050999204785737726 0.0066459515454913801 0.0045714068673390054 -0.0056445564981965754 0.00020855634905138102 -0.0045745146540058261 -0.0076183999146341832 0.016466184434223884 -0.00012834420402774743 -0.0043469830963446142
leaf_weight=9171 21 98 219 28 20 73 160 132 32 1451 703 39677 776 34 1178 116 7123 648 42 2576 3471 137 347 280 6736 504 133 84 56572 770
leaf_count=9171 21 98 219 28 20 73 160 132 32 1451 703 39677 776 34 1178 116 7123 648 42 2576 3471 137 347 280 6736 504 133 84 56572 770
internal_value=4.66037e-12 0.000230382 0.000412462 0.00401252 0.0104857 0.00805304 0.000148843 0.00487504 0.000369538 0.00201792 0.00173961 0.000280943 -0.00185445 -0.000106649 0.000494795 0.00551047 -0.000402717 -0.00279437 -0.0150714 0.000241898 0.00067068 0.00230379 -0.000202119 -0.000799542 0.000422295 -0.00212297 -0.00173586 0.0123858 -0.000231373 -0.000817684
internal_weight=133312 66799 43369 511 191 171 320 160 42858 2186 2154 40672 995 23430 7729 371 15701 1215 63 7358 6047 253 14486 7403 7083 1152 1311 118 66513 9941
internal_count=133312 66799 43369 511 191 171 320 160 42858 2186 2154 40672 995 23430 7729 371 15701 1215 63 7358 6047 253 14486 7403 7083 1152 1311 118 66513 9941
is_linear=0
shrinkage=0.1


Tree=69
num_leaves=31
num_cat=0
split_feature=3 0 1 0 0 0 1 1 0 0 0 1 1 1 1 1 1 1 1 1 0 0 1 0 0 4 0 0 0 0
split_gain=0.610109 0.492582 0.406303 0.592559 1.10552 0.404469 0.386153 0.76783 0.91445 0.430584 0.37505 0.536725 1.29568 0.745656 0.669975 0.649149 0.673648 0.760945 0.380449 0.632342 0.736739 1.50552 0.391065 1.53207 0.944553 0.702218 0.414403 1.26014 0.398768 0.385384
threshold=1.0000000180025095e-35 1.7165539994479666 1.70236410240915 1.5395584382489742 1.2993605590551378 -1.4879188024431256 -1.6121428977731687 -1.5971873910684447 1.1748438481233527 0.61544438779418698 1.6897037770005499 0.65583258508244013 0.52114338093949109 0.24544147127587959 -1.3517739694608502 0.80486473558658844 0.94173826827373641 1.4859446410606774 -0.96723971438260092 -1.0631441844192999 -1.6509015653174675 -1.0633242101616847 -0.93973856328893646 0.70881147039294001 0.86208144572062018 1.0000000180025095e-35 0.12374848556711322 0.13655209658715245 1.0000000180025095e-35 -1.7184158235506455
decision_type=2 2 2 2 2 2 2 2 2 2 2 2 2 2 2 2 2 2 2 2 2 2 2 2 2 2 2 2 2 2
left_child=10 2 6 4 5 -4 -2 8 -8 -9 18 12 13 14 -12 -13 -17 -18 19 29 -21 -22 23 25 -25 -20 28 -28 -24 -1
right_child=1 -3 3 -5 -6 -7 7 9 -10 -11 11 15 -14 -15 -16 16 17 -19 22 20 21 -23 26 24 -26 -27 27 -29 -30 -31
leaf_value=-0.0089532113089314056 -0.0010759224293984671 0.0046438121702522045 -0.0063022808338969189 0.019064284082163464 -0.017380059812286939 0.0043427796621951812 0.0085420086615388153 2.0973481198731266e-05 -0.005614085907943483 0.00058025518508857197 -0.0039085938977182245 -0.015360206401636524 0.023584260430277115 -0.0083592468939189396 0.0057678464885437481 0.011187199316918851 -0.0068786318090838169 0.0067526620967934539 0.0029044961354644724 0.0096510386512595782 -0.0096209095556118625 -0.0015292686277901205 -0.00030455787444334798 -0.024778527248164883 -0.0026711150126393179 0.012012152175699908 0.0079173211431435245 9.8798389643152133e-05 -0.0018532626251168906 -0.00040799293763378895
leaf_weight=53 2379 250 39 22 27 421 214 43257 58 20191 89 31 31 56 365 44 129 60 258 49 272 1487 25612 23 121 126 208 23101 1778 12561
leaf_count=53 2379 250 39 22 27 421 214 43257 58 20191 89 31 31 56 365 44 129 60 258 49 272 1487 25612 23 121 126 208 23101 1778 12561
internal_value=1.12846e-11 0.000213281 0.000196652 0.00301115 0.00228595 0.00344026 0.000174979 0.000221682 0.00552343 0.000198953 -0.000214578 0.00193078 0.00373455 0.002528 0.00387092 -0.00176558 4.31459e-05 -0.00255124 -0.000240885 -0.000694587 -0.00244359 -0.00278051 -0.000113153 0.00259428 -0.00620216 0.00589295 -0.00014135 0.000168568 -0.000405091 -0.000443897
internal_weight=133312 66858 66608 509 487 460 66099 63720 272 63448 66454 805 541 510 454 264 233 189 65649 14422 1808 1759 51227 528 144 384 50699 23309 27390 12614
internal_count=133312 66858 66608 509 487 460 66099 63720 272 63448 66454 805 541 510 454 264 233 189 65649 14422 1808 1759 51227 528 144 384 50699 23309 27390 12614
is_linear=0
shrinkage=0.1


Tree=70
num_leaves=31
num_cat=0
split_feature=2 0 1 1 0 0 0 0 1 1 0 1 1 1 1 0 0 1 0 4 0 4 0 0 1 1 1 0 0 4
split_gain=0.574587 0.387564 0.374526 0.537433 0.697623 1.68473 1.29088 0.666189 0.535938 0.354368 0.332944 0.497471 0.331575 0.320087 0.997962 1.28189 1.40502 1.00277 1.54806 0.710739 0.687409 0.534287 0.532879 0.989577 0.75712 0.441305 0.965833 0.572904 0.319729 0.958098
threshold=1.0000000180025095e-35 -1.6509015653174675 -1.528189220482731 -1.5971873910684447 -1.1582719766168734 -1.2674358271384925 -0.70547956239531595 1.6616309722471232 -1.6792385571657114 -1.5144991847650151 -1.7052773815020628 -1.4612563378290384 -1.6929017769730061 1.1590219770079691 1.1041039935188308 0.79178788973911651 0.46641650903324866 1.0644463340648518 -1.4597597485600116 1.0000000180025095e-35 0.84783260509772262 1.0000000180025095e-35 1.3777007283369886 1.188804308194185 1.4582786588247054 1.5534151710074486 1.498783523019952 -1.664457234418135 -0.52743961802814499 1.0000000180025095e-35
decision_type=2 2 2 2 2 2 2 2 2 2 2 2 2 2 2 2 2 2 2 2 2 2 2 2 2 2 2 2 2 2
left_child=1 -1 3 7 5 -5 -6 8 -3 28 11 -2 -9 14 17 16 -16 21 -19 25 -17 -12 23 -21 -24 26 -15 -27 29 -4
right_child=10 2 9 4 6 -7 -8 12 -10 -11 13 -13 -14 19 15 20 -18 18 -20 22 -22 -23 24 -25 -26 27 -28 -29 -30 -31
leaf_value=-0.0017713062100425385 -0.012863692809350609 -0.0023484289159427336 0.0058578312278739992 -0.0038446029083650207 0.0059746120992878625 -0.02827294969665153 -0.0033887377117717069 0.020330854611737389 0.00063963508516502678 -0.00012621915300465135 -8.7263936318296301e-05 -0.0013996138385356297 0.0045984708175465872 0.0012649998204856034 -0.0023934198043592076 -0.024811012088321149 0.011037262876876473 -0.011830585412049698 0.0050165015243934189 -0.00038538298277271215 -0.0071400559142308978 0.00058589756775390828 0.0076347643803641634 -0.0076592685583974215 -0.0013639981302643015 -0.015241003653500229 0.0053399166806081732 0.00029069471589929637 0.0063324945546628444 -0.016107087959695992
leaf_weight=1549 41 995 63 146 176 35 901 21 1513 60888 35799 493 37 4455 624 24 89 59 722 3110 266 17581 188 199 186 24 669 2270 160 29
leaf_count=1549 41 995 63 146 176 35 901 21 1513 60888 35799 493 37 4455 624 24 89 59 722 3110 266 17581 188 199 186 24 669 2270 160 29
internal_value=9.78315e-12 -0.000208053 -0.000170779 -0.00113086 -0.002824 -0.00856832 -0.00185861 -0.00030079 -0.000545821 -0.000110731 0.000207163 -0.00227981 0.0102947 0.000227204 0.000128611 -0.00299691 -0.000716939 0.000186492 0.0037438 0.00071714 -0.00860248 0.000134446 -0.000418437 -0.000822827 0.00315944 0.00128095 0.00179703 0.000128201 0.0036315 -0.00106589
internal_weight=133312 66513 64964 3824 1258 181 1077 2566 2508 61140 66799 534 58 66265 55164 1003 713 54161 781 11101 290 53380 3683 3309 374 7418 5124 2294 252 92
internal_count=133312 66513 64964 3824 1258 181 1077 2566 2508 61140 66799 534 58 66265 55164 1003 713 54161 781 11101 290 53380 3683 3309 374 7418 5124 2294 252 92
is_linear=0
shrinkage=0.1


Tree=71
num_leaves=31
num_cat=0
split_feature=3 0 1 1 1 1 1 1 0 4 0 0 1 1 1 1 2 1 1 0 0 0 0 0 1 0 1 1 0 1
split_gain=0.495083 0.390755 0.375613 1.05079 0.78079 1.44251 0.413032 0.345535 0.467885 0.801859 0.326853 0.572937 0.818908 0.779039 0.866125 0.69161 0.677672 0.556581 0.686742 1.66934 0.619207 0.574148 1.0087 0.671644 0.498968 0.369027 2.0672 2.73899 0.368598 1.11606
threshold=1.0000000180025095e-35 1.7165539994479666 1.0233647397699486 0.13588097996985646 -0.28666408223279427 -0.61022022713946944 0.62853794643023131 -1.2166497752400189 -1.7184158235506455 1.0000000180025095e-35 0.75056147091219505 0.70881147039294001 0.24544147127587959 0.081124544194618523 -0.067500793332145356 0.80486473558658844 1.0000000180025095e-35 -1.4752323715718638 -1.528189220482731 0.83361430745271226 1.5395584382489742 0.8761331149580297 0.80565685850630275 0.98454549284522419 1.3510165394591973 0.68173949181017979 -1.5971873910684447 -0.40935508836031004 0.64117377101421114 1.4182436835650751
decision_type=2 2 2 2 2 2 2 2 2 2 2 2 2 2 2 2 2 2 2 2 2 2 2 2 2 2 2 2 2 2
left_child=10 7 3 4 5 -3 -5 -2 9 -9 11 25 13 14 -13 16 -14 18 21 -20 -21 22 -12 -23 -17 28 -27 -28 -1 -30
right_child=1 2 -4 6 -6 -7 -8 8 -10 -11 17 12 15 -15 -16 24 -18 -19 19 20 -22 23 -24 -25 -26 26 27 -29 29 -31
leaf_value=-0.00028158074554294631 -0.00036541735183387978 0.0081843868275418095 0.011794934758697362 -0.018477181319030932 0.021286639670745053 -0.020776830791007908 -0.00098577304570763202 -0.0091728972938300967 0.00029088882789695439 0.0031562521679048567 0.0035709574940751814 0.00027053282350808299 -0.0052777583985665786 0.015352108215447517 -0.014761451224601548 0.00086477217342083648 -0.020123484346174426 0.00031615938109903259 0.020181896335080916 -0.010185211950377762 0.00078205818691375593 0.006804986804066035 -0.013123290270587871 -0.0007309110339251859 -0.009219736479088126 0.031017007554570836 -0.0085666941455936948 0.0067041412290459431 -0.0035705233263612101 0.0099113588713095613
leaf_weight=45465 9974 95 51 27 29 21 27 134 56413 87 61 353 61 30 43 120 62 17435 23 234 66 137 89 865 83 24 188 313 735 67
leaf_count=45465 9974 95 51 27 29 21 27 134 56413 87 61 353 61 30 43 120 62 17435 23 234 66 137 89 865 83 24 188 313 735 67
internal_value=-3.81603e-12 0.000192127 0.00413823 0.00217596 0.00661045 0.00294141 -0.00973148 0.000177316 0.000272899 -0.00431934 -0.000193295 -0.000333161 -0.00307147 -0.000184697 -0.00136173 -0.00684376 -0.012761 0.000158361 -0.00170687 -0.00578186 -0.00777241 -0.000564322 -0.0063343 0.000299446 -0.00325845 -0.000289154 0.00234717 0.000973768 -0.000319068 -0.00244423
internal_weight=133312 66858 250 199 145 116 54 66608 56634 221 66454 47544 752 426 396 326 123 18910 1475 323 300 1152 150 1002 203 46792 525 501 46267 802
internal_count=133312 66858 250 199 145 116 54 66608 56634 221 66454 47544 752 426 396 326 123 18910 1475 323 300 1152 150 1002 203 46792 525 501 46267 802
is_linear=0
shrinkage=0.1


Tree=72
num_leaves=31
num_cat=0
split_feature=2 0 1 1 3 4 3 1 1 1 0 1 1 1 0 0 0 0 1 1 1 0 0 1 0 1 1 0 0 0
split_gain=0.465367 0.2963 0.31615 0.715581 0.586351 0.915422 0.519962 0.475645 1.8257 1.04433 0.421638 0.491267 0.402919 0.305381 0.433946 2.0019 1.17503 0.38719 0.318911 0.26284 0.429293 0.566579 0.530034 0.313604 0.269565 0.259502 0.54775 1.04367 0.783483 0.689038
threshold=1.0000000180025095e-35 -1.6509015653174675 -1.4069152600807204 -1.5144991847650151 1.0000000180025095e-35 1.0000000180025095e-35 1.0000000180025095e-35 -0.80155907459109021 -0.63747942393191692 -0.68055920599485964 -1.664457234418135 -1.1185042250486126 0.027536199326010976 1.6625467557041274 -1.0633242101616847 -0.93833068682490606 -1.3325181519180707 -0.67555421783284897 1.7164242529502232 -1.528189220482731 -1.5971873910684447 -1.1582719766168734 1.6616309722471232 -1.5144991847650151 -0.52743961802814499 -0.51808262880615408 -0.49082063293779898 -0.56768495210721237 -0.70547956239531595 1.5395584382489742
decision_type=2 2 2 2 2 2 2 2 2 2 2 2 2 2 2 2 2 2 2 2 2 2 2 2 2 2 2 2 2 2
left_child=1 2 3 4 -1 -6 -5 10 9 -9 -4 -12 -10 19 16 -16 -15 -17 -18 20 22 -22 -3 24 -21 -2 27 28 -27 -29
right_child=25 13 7 6 5 -7 -8 8 12 -11 11 -13 -14 14 15 17 18 -19 -20 23 21 -23 -24 -25 -26 26 -28 29 -30 -31
leaf_value=-0.010523846883930869 -8.172005236104017e-05 -0.0004654759227716214 0.0008807193506473655 -0.0059996476471424103 0.018298930205803896 -0.0080279636029154059 -0.026833634264767172 -0.0096021913979766962 0.0022889498188710098 -0.034760283674536784 0.0015946231114313655 0.0230242270603776 -0.0021288828959190945 -0.0017292200432199969 -0.019838072053845163 0.0077559231653706075 0.010305081953993067 0.00087742998247048267 0.023900062345306984 -0.00092658967275739365 -0.0076787873773285047 -0.0016320184231015872 0.009203988981658015 -0.00014854397787039881 0.0058666673739207909 0.007245275373768051 0.00029250204826817384 0.0012925885011403201 0.028163190247723836 -0.01787735376507044
leaf_weight=37 23430 2508 263 25 28 25 23 66 288 22 23 20 729 108 46 90 80 902 22 92 181 1077 58 59640 160 171 42858 300 20 20
leaf_count=37 23430 2508 263 25 28 25 23 66 288 22 23 20 729 108 46 90 80 902 22 92 181 1077 58 59640 160 171 42858 300 20 20
internal_value=-6.5162e-12 -0.000187238 -0.0015541 -0.00612229 -0.00086346 0.00588058 -0.0159826 -0.00110731 -0.00207349 -0.0158917 0.00238167 0.0115619 -0.000877815 -0.000154647 0.00139453 0.000555803 0.00554025 0.00150149 0.0132373 -0.000184991 -0.000988788 -0.00250202 -0.000246914 -0.00013367 0.00338659 0.000186437 0.000331308 0.00358598 0.00943563 9.44671e-05
internal_weight=133312 66513 1549 138 90 53 48 1411 1105 88 306 43 1017 64964 1248 1038 210 992 102 63716 3824 1258 2566 59892 252 66799 43369 511 191 320
internal_count=133312 66513 1549 138 90 53 48 1411 1105 88 306 43 1017 64964 1248 1038 210 992 102 63716 3824 1258 2566 59892 252 66799 43369 511 191 320
is_linear=0
shrinkage=0.1


Tree=73
num_leaves=31
num_cat=0
split_feature=0 1 0 1 0 1 0 1 0 1 1 0 0 1 1 1 1 1 0 4 0 0 0 4 0 1 1 1 0 1
split_gain=0.431549 0.466436 1.25043 0.350867 1.23845 0.912128 1.29967 0.667833 0.570418 0.465155 1.55666 0.762561 0.413972 0.788514 1.23566 0.491608 1.19923 0.517933 0.475843 0.4103 0.393816 0.81253 0.744836 0.338087 0.297017 0.491953 0.960891 0.512559 0.273484 0.90595
threshold=-1.3066071906808669 1.7164242529502232 -1.4732671313189605 -1.2020620025358399 -1.2674358271384925 -1.2559416080252952 -1.2539550398715551 -1.2829530085059275 -1.2809496696473774 -1.5545329032043538 -1.5144991847650151 -1.293258937286077 1.5529670407841329 -1.0494187911788677 -1.0903787746241169 -0.095587047514607837 -0.053551980127119529 -0.13579989236266063 1.6484719797302079 1.0000000180025095e-35 -0.59322070223045664 -0.84283318343244329 -0.54045623161434586 1.0000000180025095e-35 1.5262323010967183 0.2318540417735668 0.040439886202944537 0.34340692341768231 1.4587152213936438 -1.1333956292085314
decision_type=2 2 2 2 2 2 2 2 2 2 2 2 2 2 2 2 2 2 2 2 2 2 2 2 2 2 2 2 2 2
left_child=1 -1 -3 4 8 6 19 -8 9 11 -11 -2 24 14 18 17 -17 -15 -14 -6 21 -7 -22 -16 28 26 -26 -27 -5 -30
right_child=3 2 -4 12 5 20 7 -9 -10 10 -12 -13 13 15 23 16 -18 -19 -20 -21 22 -23 -24 -25 25 27 -28 -29 29 -31
leaf_value=-0.00051391436227911922 0.0074635865042606987 -0.0052332125544067359 0.024202884857853255 8.0935295425162818e-05 -0.0084395337391704808 -0.0019207942869889647 -0.00029046615647873879 0.0025113980180886614 0.01338907772189859 0.03029232822414285 0.0011081914548249393 -0.015083569570754966 -0.0024006163350623762 -0.00028461445990564252 0.021680639795114986 0.013252998133335848 0.0010922315240925538 -0.0087136704796361483 0.0069729739343389304 -0.024335371398112992 0.013073284743410169 -0.011215635820140912 -0.0021301575272002454 0.0081086515416872919 -0.0022205622931831194 0.011598687898367644 -0.015698919898723483 -0.00039825782805919739 0.013651401784859206 0.00087806526918535069
leaf_weight=16248 30 31 27 90119 62 258 14956 902 83 23 89 30 113 1786 50 83 3528 76 104 22 33 148 1370 29 398 39 61 410 57 2147
leaf_count=16248 30 31 27 90119 62 258 14956 902 83 23 89 30 113 1786 50 83 3528 76 104 22 33 148 1370 29 398 39 61 410 57 2147
internal_value=5.28546e-12 -0.00048196 0.0084698 6.71661e-05 -0.000338881 -0.000438282 -0.000196811 -0.000131097 0.00658057 0.00329508 0.00710136 -0.00380999 0.000141017 0.000963067 0.00599021 0.000691181 0.00137175 -0.000628658 0.0020918 -0.0126027 -0.00256627 -0.00530906 -0.00177256 0.0166985 9.01502e-05 -0.00170964 -0.0040118 0.000643793 0.000107851 0.00120841
internal_weight=133312 16306 58 117006 18006 17751 15942 15858 255 172 112 60 99000 5769 296 5473 3611 1862 217 84 1809 406 1403 79 93231 908 459 449 92323 2204
internal_count=133312 16306 58 117006 18006 17751 15942 15858 255 172 112 60 99000 5769 296 5473 3611 1862 217 84 1809 406 1403 79 93231 908 459 449 92323 2204
is_linear=0
shrinkage=0.1


Tree=74
num_leaves=31
num_cat=0
split_feature=3 0 1 1 1 1 1 1 0 0 0 0 0 4 0 1 1 0 2 0 1 1 0 1 0 1 0 0 0 1
split_gain=0.401102 0.316877 0.364603 0.896626 0.673578 0.39998 0.376063 0.317783 0.358948 2.2567 0.981364 0.664032 0.419725 0.298646 0.438512 0.792837 1.41116 1.25872 1.01264 0.447171 0.44155 0.977082 1.15348 0.624294 0.933146 0.520415 0.366775 0.34375 0.519435 1.61096
threshold=1.0000000180025095e-35 1.2301100328484971 1.2000602348101583 1.1861209055925299 1.4317441672950451 1.4719522576499282 1.6758661632427945 1.70236410240915 -1.0222119280693127 -0.81597829820735102 -1.4879188024431256 -0.63475074041625767 -1.3066071906808669 1.0000000180025095e-35 -1.7052773815020628 -0.93973856328893646 0.85904573207354085 -1.7184158235506455 1.0000000180025095e-35 -1.7184158235506455 1.0000000180025095e-35 -0.39512005268754408 -1.5020979626235937 1.1041039935188308 1.5262323010967183 -1.4069152600807204 0.28969799523830564 0.12374848556711322 0.16634389651275761 1.4859446410606774
decision_type=2 2 2 2 2 2 2 2 2 2 2 2 2 2 2 2 2 2 2 2 2 2 2 2 2 2 2 2 2 2
left_child=13 7 3 -3 -4 -6 -7 -2 10 -10 -9 -11 -12 27 15 18 19 -18 -15 -17 21 25 -23 24 -22 -16 -25 -1 29 -29
right_child=1 2 4 -5 5 6 -8 8 9 11 12 -13 -14 14 20 16 17 -19 -20 -21 23 22 -24 26 -26 -27 -28 28 -30 -31
leaf_value=-0.00058321439333145267 6.2369689448970231e-05 0.00051759506821285836 0.0047319671921571957 -0.015298668398625322 -0.0050443991423905401 0.0022648814873054497 -0.0040186692123186955 -0.0052336977532085709 -0.024625303307848595 0.018360387121460268 0.02558325777721146 0.0022141335765467479 0.0093109496503922286 0.022123369218950924 -0.0011552036775932615 -0.021887683511595243 0.021118526563048363 -0.012091106046102055 -0.0085767527243920741 -0.0080650885208425199 0.00090906567213399681 -0.010529346747323871 -0.0014802669622303753 0.00043753994445749336 0.005886464200681076 0.00067284508790389568 -0.0015231728787702885 0.0015758665434404092 -0.0001070106974647219 0.023488549018899602
leaf_weight=23698 56742 8215 599 36 119 579 114 39 31 28 23 282 51 22 2054 50 25 21 21 44 6454 150 2313 2281 400 6440 1640 493 20312 36
leaf_count=23698 56742 8215 599 36 119 579 114 39 31 28 23 282 51 22 2054 50 25 21 21 44 6454 150 2313 2281 400 6440 1640 493 20312 36
internal_value=-1.15049e-12 0.000172933 0.000702618 0.000448587 0.0021881 0.00031152 0.00123122 8.3454e-05 0.00271862 0.00109998 0.00760318 0.0036725 0.0143686 -0.000173984 0.000128232 -0.00474643 -0.00839427 0.00595761 0.00713029 -0.0154175 0.00016928 -0.000277715 -0.00203137 0.000623826 0.00119955 0.00023079 -0.000382549 -0.000322686 -2.64436e-05 0.00306709
internal_weight=133312 66858 9662 8251 1411 812 693 57196 454 341 113 310 74 66454 21915 183 140 46 43 94 21732 10957 2463 10775 6854 8494 3921 44539 20841 529
internal_count=133312 66858 9662 8251 1411 812 693 57196 454 341 113 310 74 66454 21915 183 140 46 43 94 21732 10957 2463 10775 6854 8494 3921 44539 20841 529
is_linear=0
shrinkage=0.1


Tree=75
num_leaves=31
num_cat=0
split_feature=2 1 0 0 3 0 1 1 3 0 0 0 0 3 0 0 0 1 0 1 1 0 0 0 0 1 1 1 1 1
split_gain=0.383233 0.223312 0.778319 0.669259 0.594522 0.322672 0.300781 1.05991 0.735331 0.746516 0.649975 1.30885 0.646508 0.462312 0.261934 0.316193 0.259528 0.496677 0.670005 0.426279 0.322889 0.72856 0.503798 0.210249 0.330584 2.18406 0.463702 1.29716 1.02633 0.239591
threshold=1.0000000180025095e-35 1.7164242529502232 -0.78791033983245418 -0.17621277219873899 1.0000000180025095e-35 -1.2135711569050573 1.498783523019952 1.5534151710074486 1.0000000180025095e-35 -0.80244054935170817 -1.664457234418135 -1.6104220491653367 -1.5574907306304182 1.0000000180025095e-35 0.15075481165407367 1.4587152213936438 -0.86992621940557202 1.4182436835650751 -1.5438104184792234 1.4048466568960576 -0.5309989004563106 -0.7599523812172172 -0.74713009814799736 -0.40641640779740301 -0.37918868861608651 1.4859446410606774 0.50741869166641418 0.20532039947981218 0.83291638637502097 1.6329520483733682
decision_type=2 2 2 2 2 2 2 2 2 2 2 2 2 2 2 2 2 2 2 2 2 2 2 2 2 2 2 2 2 2
left_child=23 6 5 4 -4 -3 16 8 9 -8 13 -12 -10 -9 -5 -16 17 19 -19 -2 22 -22 -18 29 25 26 27 -25 -28 -1
right_child=1 2 3 14 -6 -7 7 10 12 -11 11 -13 -14 -15 15 -17 20 18 -20 -21 21 -23 -24 24 -26 -27 28 -29 -30 -31
leaf_value=-0.00044647988440541355 -0.00017424564878767968 -0.0004011280436922486 -0.026581513935413498 0.0076540891968068627 -0.0042454630729149689 0.013183232339489384 0.0076101432468824309 -0.00096848520996241751 0.023384767440571028 -0.00099691669432906325 0.015460222818156972 3.5050181954828434e-05 0.0058387961924011578 -0.018400939019920771 -0.0068661010382735799 0.0069553699903190137 -0.0024740984988411464 0.0039691022713668643 -0.0059248521509761738 0.0077612845227122314 0.0028199961473721119 0.0003403551602856717 2.3275391364840007e-05 -0.00020871778082346928 -6.1819166299280728e-05 0.026980405572034856 -0.013275035331294371 0.015560887026367709 0.0040582725849364785 0.0014453453080805472
leaf_weight=24807 14984 36 26 21 22 34 136 29 22 389 56 3107 462 32 96 20 849 88 308 68 1237 28142 16635 282 40501 34 65 64 72 688
leaf_count=24807 14984 36 26 21 22 34 136 29 22 389 56 3107 462 32 96 20 849 88 308 68 1237 28142 16635 282 40501 34 65 64 72 688
internal_value=-4.14864e-12 0.000169186 -0.00278444 -0.00618282 -0.0163442 0.00619699 0.000180505 0.000996202 0.00382474 0.00123272 0.000110967 0.000308148 0.00663634 -0.0101134 -0.00262265 -0.00448309 0.000125092 -0.000230367 -0.0037262 -0.000138396 0.000242265 0.00044476 -9.79938e-05 -0.000169914 -2.97442e-05 0.00248296 0.000758502 0.0027082 -0.00416556 -0.000395428
internal_weight=133312 66799 255 185 48 70 66544 4233 1009 525 3224 3163 484 61 137 116 62311 15448 396 15052 46863 29379 17484 66513 41018 517 483 346 137 25495
internal_count=133312 66799 255 185 48 70 66544 4233 1009 525 3224 3163 484 61 137 116 62311 15448 396 15052 46863 29379 17484 66513 41018 517 483 346 137 25495
is_linear=0
shrinkage=0.1


Tree=76
num_leaves=31
num_cat=0
split_feature=3 0 1 1 1 1 1 4 0 1 1 0 2 1 1 1 0 0 1 1 0 1 1 0 0 0 1 1 1 1
split_gain=0.317676 0.284278 0.297533 0.849918 0.623328 1.1532 0.335087 0.242502 0.353102 0.644162 1.13545 1.01958 0.821853 0.371357 0.344453 1.51831 2.18303 0.681029 0.553401 1.06039 0.799508 0.307045 1.02189 1.49284 1.03464 0.865544 0.66697 0.813182 0.652707 0.57031
threshold=1.0000000180025095e-35 1.7165539994479666 1.0233647397699486 0.13588097996985646 -0.28666408223279427 -0.61022022713946944 0.62853794643023131 1.0000000180025095e-35 -1.7052773815020628 -0.93973856328893646 0.85904573207354085 -1.7184158235506455 1.0000000180025095e-35 0.30100012546853544 0.28750424435433314 0.47964808650894503 1.6211908948580041 -1.4048914043645619 -0.72084887649706297 -0.73434745082766406 -1.6912697975268183 -0.65122107733173962 -0.61022022713946944 -1.1867184709716272 -1.3479419897304001 -1.0072258850220777 0.040439886202944537 -0.51808262880615408 0.13588097996985646 -0.78752140502819434
decision_type=2 2 2 2 2 2 2 2 2 2 2 2 2 2 2 2 2 2 2 2 2 2 2 2 2 2 2 2 2 2
left_child=7 -2 3 4 5 -3 -5 21 9 12 13 -12 -9 -11 18 16 -16 -17 19 -10 -20 29 23 24 -23 -25 27 -24 -28 -1
right_child=1 2 -4 6 -6 -7 -8 8 14 10 11 -13 -14 -15 15 17 -18 -19 20 -21 -22 22 26 25 -26 -27 28 -29 -30 -31
leaf_value=-0.00044008415670231197 0.00014126821395489937 0.0071709930614911425 0.010334276975881235 -0.01681313195300323 0.018874500229440885 -0.018723655793638456 -0.0010583726620232616 0.019955680350011048 0.0003157203749663393 -0.010061387630159279 0.018973845135420563 -0.010915118229708502 -0.0077016527986242663 -0.024286804165691137 0.0033475120851366186 0.0031311154387166779 0.032654149156923482 -0.00016063175452563007 0.016018214139954322 0.010798568359329082 -0.00091710205772937677 0.0090397366455623098 -0.0017640992612007402 -0.012740175344515593 0.034039832323789598 0.0034689776957654347 -0.0027250713846249295 0.00098766188148180457 -0.00034473533071031101 -0.0023982266220344793
leaf_weight=12092 66608 95 51 27 29 21 27 22 6285 69 25 21 21 25 1134 689 26 7159 28 98 6313 49 1265 36 25 388 1220 7109 20659 1696
leaf_count=12092 66608 95 51 27 29 21 27 22 6285 69 25 21 21 25 1134 689 26 7159 28 98 6313 49 1265 36 25 388 1220 7109 20659 1696
internal_value=-2.97283e-12 0.000153901 0.0035197 0.00177325 0.00576144 0.00248317 -0.00893575 -0.000154837 0.000117494 -0.00425676 -0.00754484 0.00532888 0.00644861 -0.0138447 0.000154329 0.000627494 0.00400438 0.000128361 -0.00018065 0.000476666 -0.000842321 -0.000288835 -0.000113021 0.00438004 0.0174857 0.00209273 -0.000186982 0.000571973 -0.000477466 -0.000680946
internal_weight=133312 66858 250 199 145 116 54 66454 21915 183 140 46 43 94 21732 9008 1160 7848 12724 6383 6341 44539 30751 498 74 424 30253 8374 21879 13788
internal_count=133312 66858 250 199 145 116 54 66454 21915 183 140 46 43 94 21732 9008 1160 7848 12724 6383 6341 44539 30751 498 74 424 30253 8374 21879 13788
is_linear=0
shrinkage=0.1


Tree=77
num_leaves=31
num_cat=0
split_feature=2 0 1 1 3 4 3 1 1 4 1 0 1 1 0 0 0 4 1 1 0 0 1 0 3 0 0 0 0 4
split_gain=0.311579 0.211127 0.291601 0.584607 0.513175 0.741492 0.395861 0.360884 1.4898 0.967634 0.37612 0.575925 0.354332 0.214574 0.416825 0.782306 0.653447 0.231843 0.195322 0.81375 1.06905 1.18995 0.769958 1.25204 1.99536 0.642628 0.553178 0.68133 0.51828 0.501654
threshold=1.0000000180025095e-35 -1.6509015653174675 -1.4069152600807204 -1.5144991847650151 1.0000000180025095e-35 1.0000000180025095e-35 1.0000000180025095e-35 -0.80155907459109021 -0.63747942393191692 1.0000000180025095e-35 -0.84231097072467309 -1.6912697975268183 0.027536199326010976 1.7164242529502232 -1.0489426857539244 -0.66196591156441087 -1.3479419897304001 1.0000000180025095e-35 1.1590219770079691 1.1041039935188308 0.79178788973911651 0.72267045296319854 1.0644463340648518 -1.4597597485600116 1.0000000180025095e-35 -1.5020979626235937 0.84783260509772262 1.6211908948580041 -1.3625755412760026 1.0000000180025095e-35
decision_type=2 2 2 2 2 2 2 2 2 2 2 2 2 2 2 2 2 2 2 2 2 2 2 2 2 2 2 2 2 2
left_child=1 2 3 4 -1 -6 -5 10 9 -9 11 -4 -10 -3 16 -16 -15 -17 19 22 21 25 -2 24 -24 -21 -22 -28 -25 -20
right_child=18 13 7 6 5 -7 -8 8 12 -11 -12 -13 -14 14 15 17 -18 -19 29 20 26 -23 23 28 -26 -27 27 -29 -30 -31
leaf_value=-0.0099785081714995824 8.2503781771403628e-05 -0.00013728394133829104 -0.0034101880465944611 -0.0058960984870791433 0.016544712404720486 -0.0071494909264147284 -0.024074594858709886 -0.020992588498178991 0.0023302890249194915 0.0019908178454408282 0.013666371814906597 0.0056606017950949052 -0.0018126211405715131 -0.0017431024461984634 -0.015708931073546411 0.0053435167684630662 0.022731238058743962 -0.0022076538989745918 0.0010060461219808723 -0.010659691683694666 -0.022403953874406093 0.021221691181805606 0.0077987459157743758 0.019529826964505698 -0.027799242062610575 -0.00042398196598635794 -0.004329531578004627 -0.01807731907641472 0.0039418222991683119 -0.00041640259980371859
leaf_weight=37 53825 64701 141 25 28 25 23 62 288 26 26 139 729 20 25 136 24 58 7470 68 24 24 31 22 32 626 223 43 700 3711
leaf_count=37 53825 64701 141 25 28 25 23 62 288 26 26 139 729 20 25 136 24 58 7470 68 24 24 31 22 32 626 223 43 700 3711
internal_value=-3.04916e-12 -0.000153208 -0.00130701 -0.00569426 -0.000941001 0.0053682 -0.0146066 -0.000877919 -0.00171951 -0.014202 0.00216115 0.00109281 -0.000639408 -0.000125697 0.00272486 0.000940416 0.0116065 0.00308595 0.000152552 7.58824e-05 -0.00273954 -0.000669848 0.00012785 0.00323709 -0.0102828 -0.0014269 -0.00786381 -0.00655192 0.0044168 0.000533932
internal_weight=133312 66513 1549 138 90 53 48 1411 1105 88 306 280 1017 64964 263 219 44 194 66799 55618 1008 718 54610 785 63 694 290 266 722 11181
internal_count=133312 66513 1549 138 90 53 48 1411 1105 88 306 280 1017 64964 263 219 44 194 66799 55618 1008 718 54610 785 63 694 290 266 722 11181
is_linear=0
shrinkage=0.1


Tree=78
num_leaves=31
num_cat=0
split_feature=0 1 0 0 1 1 1 1 1 1 0 1 3 0 1 1 0 1 0 1 0 1 0 1 0 1 4 0 1 1
split_gain=0.283006 0.32533 0.878796 0.279101 2.09614 0.665986 2.04103 1.0734 0.604049 1.25409 0.833607 0.514954 2.0998 0.372369 0.353562 0.232112 1.01229 0.751067 1.0453 0.532227 0.462878 0.392099 0.86931 0.662566 0.640031 0.63483 0.798376 0.78551 0.695318 0.996909
threshold=-1.3066071906808669 1.7164242529502232 -1.4732671313189605 -1.3910239839141842 1.6625467557041274 1.3248078178824525 1.3906920578122943 -0.27312107556913451 0.76572012411968571 0.87328458083408422 -1.5020979626235937 0.751316437217176 1.0000000180025095e-35 -1.6369544238483387 0.17733615895908875 -1.2020620025358399 -1.2674358271384925 -1.2559416080252952 -1.2539550398715551 -1.2829530085059275 -1.2809496696473774 -1.0631441844192999 1.4714890195892034 -1.0769741104674202 -1.0222119280693127 -1.0213707215850361 1.0000000180025095e-35 -0.69084601288405256 -0.99302568805224634 -0.96723971438260092
decision_type=2 2 2 2 2 2 2 2 2 2 2 2 2 2 2 2 2 2 2 2 2 2 2 2 2 2 2 2 2 2
left_child=1 3 -3 8 5 7 -7 -5 11 13 -11 14 -13 -10 -1 16 20 18 -18 -20 -2 22 24 -24 -17 26 -23 -28 -27 -30
right_child=15 2 -4 4 -6 6 -8 -9 9 10 -12 12 -14 -15 -16 21 17 -19 19 -21 -22 25 23 -25 -26 28 27 -29 29 -31
leaf_value=-0.00024357116900490915 0.0030203350107618717 -0.0044018544789944441 0.020275311322270517 -0.0025330103618587778 -0.02372577269561589 -0.023613779732555736 -0.0018387634740750969 0.0014028722224954688 0.0010789296034415927 -0.00089084868400151609 0.0025215114364255673 -0.030555811939904323 0.010034025900065899 0.0079004660571315808 -0.0016935077835377903 0.0043595556326637263 -0.011272501244786241 -0.0022967240546070372 -0.00022995553236663158 0.0022713199228682284 0.012113189748881092 -0.00031648810455885774 0.0042510931231005359 0.019044037545487905 0.00018575942958127059 0.0028112797669744664 0.0025364710139110687 -0.0074245715681088677 -0.0032095376068638397 0.00010777058119354805
leaf_weight=7182 172 31 27 1318 41 51 276 1461 109 2201 1061 26 25 301 2196 407 84 1809 14956 902 83 918 367 33 3776 938 100 380 915 91166
leaf_count=7182 172 31 27 1318 41 51 276 1461 109 2201 1061 26 25 301 2196 407 84 1809 14956 902 83 918 367 33 3776 938 100 380 915 91166
internal_value=-4.53102e-12 -0.000390295 0.00708579 -0.000416983 -0.00126262 -0.000966102 -0.00523487 -0.000463804 -0.000213851 0.00087424 0.000219058 -0.000637594 -0.0106588 0.00608694 -0.000583096 5.43917e-05 -0.000275867 -0.000365734 -0.000146617 -8.76835e-05 0.00597997 0.000114459 0.00101775 0.00547151 0.000591864 7.06127e-05 -0.00204451 -0.00534935 0.000102401 7.48068e-05
internal_weight=133312 16306 58 16248 3147 3106 327 2779 13101 3672 3262 9429 51 410 9378 117006 18006 17751 15942 15858 255 99000 4583 400 4183 94417 1398 480 93019 92081
internal_count=133312 16306 58 16248 3147 3106 327 2779 13101 3672 3262 9429 51 410 9378 117006 18006 17751 15942 15858 255 99000 4583 400 4183 94417 1398 480 93019 92081
is_linear=0
shrinkage=0.1


Tree=79
num_leaves=31
num_cat=0
split_feature=3 0 0 1 1 1 1 1 1 1 0 0 4 0 1 1 0 0 0 1 0 0 1 1 1 0 1 1 1 1
split_gain=0.254978 0.233124 0.247153 1.16447 1.30356 0.623976 0.468892 0.457334 0.294453 1.24245 0.583277 1.15565 0.791442 0.58289 0.268653 0.232347 0.693385 1.10479 0.882196 0.263633 0.530856 0.793217 0.234747 0.228699 0.322062 0.221478 0.431634 1.35066 0.631978 1.02087
threshold=1.0000000180025095e-35 1.1748438481233527 1.1610859643364637 -0.59768869822091275 -1.0072735885236976 -0.3409765404152269 0.52114338093949109 -1.3227491810155729 -1.6121428977731687 -1.5971873910684447 0.66822811459745068 0.80565685850630275 1.0000000180025095e-35 0.90311473590117242 1.70236410240915 -1.6929017769730061 1.3777007283369886 1.5795329942026839 1.2993605590551378 -1.6518870139517692 1.3122022017197439 1.5262323010967183 -1.7205329913411653 1.7164242529502232 1.6329520483733682 1.6897037770005499 -0.73434745082766406 -0.86892668060500788 -1.3517739694608502 -1.5545329032043538
decision_type=2 2 2 2 2 2 2 2 2 2 2 2 2 2 2 2 2 2 2 2 2 2 2 2 2 2 2 2 2 2
left_child=25 2 8 4 7 -5 -7 -4 10 13 12 -12 -2 -10 -11 16 18 22 -3 20 -17 -22 -18 24 -21 -1 27 28 29 -27
right_child=1 15 3 5 -6 6 -8 -9 9 14 11 -13 -14 -15 -16 19 17 -19 -20 23 21 -23 -24 -25 -26 26 -28 -29 -30 -31
leaf_value=-0.00015893361159046077 -0.0019252554986847921 2.9533899024776794e-05 0.0083405047003179793 -0.022952739214119708 0.021440578656537194 0.0019220324837717049 -0.0094424327099695803 -0.010936003556707874 0.0060440631713775186 6.45874186882413e-05 -0.014868188309001513 -0.0013535357356776615 0.0026447564227966491 0.023974235699861311 0.0025346479792845845 0.018592101382091643 0.0033936792686952025 -0.012450450654564934 -0.027980500197207388 0.00050812728615590348 -0.0068743520666968696 0.011514546987083223 0.017197339945206686 -0.0080117969323069815 0.004366826413551449 0.0072778382338583476 2.3089959572085685e-05 0.028132910119450613 0.0072634797304304615 -0.014154366813802525
leaf_weight=65649 1119 23 20 23 35 57 100 32 194 53252 87 232 573 20 444 24 22 33 22 10172 49 45 28 31 221 43 570 23 123 46
leaf_count=65649 1119 23 20 23 35 57 100 32 194 53252 87 232 573 20 444 24 22 33 22 10172 49 45 28 31 221 43 570 23 123 46
internal_value=4.70403e-12 0.00013788 5.65074e-05 -0.00297873 0.00652044 -0.00757 -0.00531648 -0.00352196 7.09994e-05 0.000115319 -0.00111709 -0.00503935 -0.00037761 0.00771978 8.50118e-05 0.000566385 -0.00366852 0.00175086 -0.0136643 0.000617805 0.00531798 0.00192884 0.0111237 0.000564598 0.00059018 -0.000138718 0.0015099 0.00511622 0.00261912 -0.00379948
internal_weight=133312 66858 56188 267 87 180 157 52 55921 53910 2011 319 1692 214 53696 10670 128 83 45 10542 118 94 50 10424 10393 66454 805 235 212 89
internal_count=133312 66858 56188 267 87 180 157 52 55921 53910 2011 319 1692 214 53696 10670 128 83 45 10542 118 94 50 10424 10393 66454 805 235 212 89
is_linear=0
shrinkage=0.1


Tree=80
num_leaves=31
num_cat=0
split_feature=2 1 0 0 3 0 1 0 0 0 1 0 1 1 1 1 0 0 0 0 0 0 0 1 4 1 0 0 3 0
split_gain=0.25359 0.207801 0.573011 0.552981 0.466947 0.293113 0.222386 0.915128 0.810275 0.866513 0.682421 0.586604 0.492316 0.475312 0.22153 1.17077 0.841623 0.988309 0.83124 0.482557 0.210456 0.206548 0.265474 0.165258 0.282762 1.10831 0.959017 0.639404 0.681373 0.565431
threshold=1.0000000180025095e-35 1.7164242529502232 -0.78791033983245418 -0.17621277219873899 1.0000000180025095e-35 -1.2135711569050573 1.6473880431450916 0.27633224319172528 1.0000000180025095e-35 -0.69084601288405256 1.70236410240915 0.64117377101421114 1.6758661632427945 1.70236410240915 1.5534151710074486 1.5263981832552547 -0.86992621940557202 -0.28474707154389728 -1.1867184709716272 1.5395584382489742 0.068920531500837615 0.15075481165407367 1.4587152213936438 -1.528189220482731 1.0000000180025095e-35 -1.5413612083934509 -0.43286894460058956 -1.4326193338329263 1.0000000180025095e-35 1.6616309722471232
decision_type=2 2 2 2 2 2 2 2 2 2 2 2 2 2 2 2 2 2 2 2 2 2 2 2 2 2 2 2 2 2
left_child=23 6 5 4 -4 -3 14 8 9 -8 12 -12 -9 -10 15 20 18 -18 -16 -17 -2 -5 -23 24 -1 27 -27 28 -26 -29
right_child=1 2 3 21 -6 -7 7 10 13 -11 11 -13 -14 -15 16 19 17 -19 -20 -21 -22 22 -24 -25 25 26 -28 29 -30 -31
leaf_value=-0.00016786413028672663 -6.1063107828806371e-05 -0.00129387556678719 -0.023936749135072419 0.0067344297433183306 -0.0041416988369416107 0.01165333202601794 -0.0022050286637258598 0.0065169226852727835 -0.0046028689822045768 0.0049181211447501755 0.026499161462892187 0.0080856259969741464 -0.00041879171937426682 -0.019313484293719135 -0.00033365721636279845 0.0055004369627392616 -0.0069444395625246104 -0.00069562480748459172 0.0087825372765561755 -0.010341553166508675 0.00030532881629952803 -0.0062269552644769049 0.006437592934817076 -9.8835351683731749e-05 -0.0027171153028536102 -0.027394471031924092 -0.0051674831929531964 -0.0022182163710031326 0.013643311643809603 0.01397413327160228
leaf_weight=2606 32610 36 26 21 22 34 433 197 82 282 22 81 213 30 282 498 327 1120 155 20 30192 96 20 62605 46 30 55 1092 57 22
leaf_count=2606 32610 36 26 21 22 34 433 197 82 282 22 81 213 30 282 498 327 1120 155 20 30192 96 20 62605 46 30 55 1092 57 22
internal_value=-4.61579e-12 0.000137626 -0.00271158 -0.00562749 -0.014864 0.00499477 0.000148544 0.00142376 -0.00063447 0.000604381 0.00474181 0.0120186 0.00291373 -0.00854321 0.000122337 0.000154131 -0.000946247 -0.00210776 0.00289978 0.00488878 0.000115079 -0.00239133 -0.00404341 -0.000138218 -0.000769109 -0.00197252 -0.0130123 -0.00120146 0.00633671 -0.00189844
internal_weight=133312 66799 255 185 48 70 66544 1340 827 715 513 103 410 112 65204 63320 1884 1447 437 518 62802 137 116 66513 3908 1302 85 1217 103 1114
internal_count=133312 66799 255 185 48 70 66544 1340 827 715 513 103 410 112 65204 63320 1884 1447 437 518 62802 137 116 66513 3908 1302 85 1217 103 1114
is_linear=0
shrinkage=0.1


Tree=81
num_leaves=31
num_cat=0
split_feature=0 0 1 4 1 1 1 1 1 0 3 1 0 2 0 0 1 1 1 1 1 0 1 1 1 2 1 1 1 0
split_gain=0.219222 0.444361 2.06118 0.746455 0.688763 2.35219 0.535404 0.527961 0.719993 1.18737 0.639252 0.496296 0.701578 1.15718 1.04402 0.395471 0.349775 0.85582 0.837133 0.327063 0.585928 0.344654 0.298574 0.598864 0.439579 0.195209 0.329882 0.233887 0.861458 1.29866
threshold=-1.3479419897304001 -1.3910239839141842 1.6473880431450916 1.0000000180025095e-35 -0.95303886162758167 -0.86892668060500788 -1.2166497752400189 0.68352417557638601 0.96965577235158074 -1.5020979626235937 1.0000000180025095e-35 0.17733615895908875 -1.4326193338329263 1.0000000180025095e-35 -1.4879188024431256 -1.5155291986113173 -1.1185042250486126 -1.4333464172982049 -0.96723971438260092 0.76572012411968571 0.751316437217176 -1.4469831159870632 -1.1034040945846899 -1.0631441844192999 -1.1894380865315706 1.0000000180025095e-35 1.7164242529502232 1.3774839391345102 1.3510165394591973 -0.18934362302477922
decision_type=2 2 2 2 2 2 2 2 2 2 2 2 2 2 2 2 2 2 2 2 2 2 2 2 2 2 2 2 2 2
left_child=1 7 3 4 6 -6 -3 11 19 15 -11 22 14 -14 -13 -10 17 -5 -18 20 -9 -21 24 -24 -1 -2 27 28 -27 -30
right_child=25 2 -4 16 5 -7 -8 8 9 10 -12 12 13 -15 -16 -17 18 -19 -20 21 -22 -23 23 -25 -26 26 -28 -29 29 -31
leaf_value=-0.00060471271924852237 -8.315153573609892e-05 -0.0042838838626171076 -0.025602991721178928 -0.0021227785445591236 0.0264028807606243 -0.0026069361426978533 -0.014432605412564701 0.0021003917595354485 -0.0011188693946549667 0.0053137517245963259 0.00017761863522444679 -0.0015019929036883268 0.010320025027664215 -0.0038069964773258416 -0.007756846199577944 -0.00731730436641347 -0.01687274319657053 0.017171557870072626 0.0016564096284944719 0.0049027264268413466 -0.0095799069879028732 -0.00095508449821401446 0.0059799299165606504 2.0965290782762933e-05 -0.004645171050703333 0.00016165941587494546 -0.0036229766482536343 0.0007901751924174103 0.0026167568773091 -0.0078910771719538485
leaf_weight=2049 59273 152 36 47 29 772 79 272 1849 498 472 1360 114 118 332 109 26 45 392 675 51 118 175 4648 310 52762 228 5817 187 317
leaf_count=2049 59273 152 36 47 29 772 79 272 1849 498 472 1360 114 118 332 109 26 45 392 675 51 118 175 4648 310 52762 228 5817 187 317
internal_value=5.09628e-12 -0.000363872 -0.00194951 -0.00139729 -0.00294399 -0.00155664 -0.00775466 -0.000173595 0.000777221 -4.65476e-05 0.00281452 -0.000595854 -0.00202221 0.00313473 -0.0027293 -0.00146393 0.00173249 0.00731467 0.000503879 0.00293851 0.000256134 0.00403107 -0.000213746 0.000237183 -0.00113568 4.51925e-05 0.000173454 0.000188105 0.000122355 -0.00399234
internal_weight=133312 14728 1578 1542 1032 801 231 13150 4044 2928 970 9106 1924 232 1692 1958 510 92 418 1116 323 793 7182 4823 2359 118584 59311 59083 53266 504
internal_count=133312 14728 1578 1542 1032 801 231 13150 4044 2928 970 9106 1924 232 1692 1958 510 92 418 1116 323 793 7182 4823 2359 118584 59311 59083 53266 504
is_linear=0
shrinkage=0.1


Tree=82
num_leaves=31
num_cat=0
split_feature=3 4 0 0 1 1 0 1 0 1 1 1 1 1 1 0 0 1 1 1 1 0 1 1 1 1 1 1 0 0
split_gain=0.210661 0.21977 0.326842 0.992285 1.03729 0.83286 0.730321 0.478523 0.578101 0.417847 0.378728 0.659547 0.502213 0.294853 0.310406 0.238913 0.567937 0.608144 1.06293 0.616545 0.424014 1.32657 0.525393 0.273758 0.53026 1.07937 0.457218 0.834779 0.362351 0.356995
threshold=1.0000000180025095e-35 1.0000000180025095e-35 0.90311473590117242 1.0528635248654099 1.6473880431450916 -0.80155907459109021 0.88950629404955894 1.7164242529502232 -0.40641640779740301 0.28750424435433314 1.4582786588247054 1.498783523019952 1.4048466568960576 0.52114338093949109 -0.49082063293779898 -0.92419775505441082 -0.7599523812172172 1.1590219770079691 1.5263981832552547 0.040439886202944537 1.6625467557041274 -0.32653993588302382 0.83291638637502097 1.498783523019952 1.365020779073584 1.2545506272603555 1.5534151710074486 1.5666374670710586 -1.0767777741700191 -1.2271123025501636
decision_type=2 2 2 2 2 2 2 2 2 2 2 2 2 2 2 2 2 2 2 2 2 2 2 2 2 2 2 2 2 2
left_child=1 15 6 4 5 -4 7 9 -9 -3 12 -12 -5 14 -8 23 17 19 -19 -17 22 -22 -18 24 25 -1 29 -28 -26 -25
right_child=-2 2 3 10 -6 -7 13 8 -10 -11 11 -13 -14 -15 -16 16 20 18 -20 -21 21 -23 -24 26 28 -27 27 -29 -30 -31
leaf_value=-0.00086264436621089698 0.00012532606346163017 -0.00042305676356209121 0.0086869949971206464 0.00029686681237027745 -0.017284613604778828 0.0022542120016153292 -0.0080259679388758314 0.002664056818932295 -0.017246044539580389 0.00059927399982230957 -0.013510034781625019 -0.0011910865833379171 0.0091604982961255767 -0.0010659386692889806 -0.023488725870847701 0.0021837291165331895 -4.9059894223755731e-05 0.009581985982448242 -0.0018801568648389852 -0.0017349517224830885 0.012595922043990522 0.00030219826116183093 -0.0010023124840071579 0.0021702876277636773 -0.0029664548429367151 0.0049947650441517803 -0.01583842887193896 0.00081199988980741047 -0.010802759105960529 0.011762577928011379
leaf_weight=8997 66858 9741 289 3862 23 663 37 25 35 6781 51 294 65 29 20 1069 23773 217 129 643 105 535 7640 101 327 326 32 510 72 63
leaf_count=8997 66858 9741 289 3862 23 663 37 25 35 6781 51 294 65 29 20 1069 23773 217 129 643 105 535 7640 101 327 326 32 510 72 63
internal_value=-5.47328e-12 -0.000126088 0.000133165 0.000821475 0.00370004 0.00420702 -8.35119e-05 -3.58418e-05 -0.00895017 -3.46925e-06 0.000164499 -0.00301215 0.000443578 -0.00927497 -0.0134515 -0.000253651 -0.000125594 0.00148473 0.00530853 0.000711935 -0.000228987 0.00231914 -0.000280902 -0.000672537 -0.00081061 -0.000657827 0.0012288 -0.000171051 -0.00438052 0.00585513
internal_weight=133312 66454 21915 5247 975 952 16668 16582 60 16522 4272 345 3927 86 57 44539 34111 2058 346 1712 32053 640 31413 10428 9722 9323 706 542 399 164
internal_count=133312 66454 21915 5247 975 952 16668 16582 60 16522 4272 345 3927 86 57 44539 34111 2058 346 1712 32053 640 31413 10428 9722 9323 706 542 399 164
is_linear=0
shrinkage=0.1


Tree=83
num_leaves=31
num_cat=0
split_feature=1 1 0 0 0 0 1 0 0 0 0 0 0 0 1 0 4 3 1 0 4 0 0 0 0 0 0 1 1 1
split_gain=0.189548 1.08142 2.33512 1.42618 0.761001 1.07294 0.546902 0.753009 0.986814 0.973755 1.21442 1.0092 0.866146 0.621132 0.922772 0.718479 0.603937 0.50667 0.364736 0.561901 1.11786 1.0521 1.78961 1.54891 1.03876 0.342744 0.672681 0.581484 1.2052 0.338906
threshold=-0.36805381230554191 -0.35465328373179178 -1.2135711569050573 1.4587152213936438 0.53389706364613343 0.97119495348589113 -0.39512005268754408 -1.1582719766168734 -1.4732671313189605 0.42521764364400833 0.33100539507436932 0.16634389651275761 -1.5438104184792234 0.60265625901781739 -0.38151719047279825 0.68173949181017979 1.0000000180025095e-35 1.0000000180025095e-35 -0.42343438325579047 -0.8828293650044392 1.0000000180025095e-35 0.45269217921968474 0.33100539507436932 0.56120335882398942 -1.0906436271431159 1.5529670407841329 1.5662704605009601 1.445062849165035 0.68352417557638601 -0.31372758102863535
decision_type=2 2 2 2 2 2 2 2 2 2 2 2 2 2 2 2 2 2 2 2 2 2 2 2 2 2 2 2 2 2
left_child=6 2 -2 4 17 -6 18 8 12 10 11 -9 16 14 -11 -15 -8 -4 -1 20 24 22 -21 -23 -20 -3 27 28 -27 -28
right_child=1 25 3 -5 5 -7 7 9 -10 13 -12 -13 -14 15 -16 -17 -18 -19 19 21 -22 23 -24 -25 -26 26 29 -29 -30 -31
leaf_value=-0.00014026143461475096 -0.0097540173814782208 1.8542185952237576e-05 0.002057573630042428 -0.010029296488387556 0.02661635063381659 0.0080776150973916449 0.01164885855055061 -0.0068728453143554486 0.010382678026023011 0.025272258468296217 -0.026410485290247823 0.0087402341320462849 -0.022146450994270192 -0.01775545426644385 -0.0013509677878270547 -0.00013462424142004689 -0.0093401342415465761 0.01083653388839019 -0.0022426629284567827 0.0041506252457731143 0.0052991395810332766 -0.022112824085108455 0.024527484680316888 0.0011877158026512733 -0.020326084698342343 0.00073852561998474244 0.0073867713152948357 -0.0046724643868704639 0.014337226042398328 0.00046005586061261455
leaf_weight=50400 93 76178 130 41 54 74 29 414 96 23 29 46 21 25 30 311 26 133 98 358 109 31 49 358 47 135 72 48 126 3728
leaf_count=50400 93 76178 130 41 54 74 29 414 96 23 29 46 21 25 30 311 26 133 98 358 109 31 49 358 47 135 72 48 126 3728
internal_value=9.53538e-12 9.61095e-05 0.0046199 0.00771428 0.00957486 0.0158986 -0.000147939 -0.00240724 0.00364323 -0.00359252 -0.0065628 -0.00531154 -0.00486976 0.000141333 0.0102025 -0.0014457 0.00172679 0.00649712 -0.000101831 0.00174283 -0.00235237 0.00304959 0.00660386 -0.00066914 -0.00810419 6.65283e-05 0.000956157 0.00544308 0.00730342 0.000591299
internal_weight=133312 80812 525 432 391 128 52500 1050 172 878 489 460 76 389 53 336 55 263 51450 1050 254 796 407 389 145 80287 4109 309 261 3800
internal_count=133312 80812 525 432 391 128 52500 1050 172 878 489 460 76 389 53 336 55 263 51450 1050 254 796 407 389 145 80287 4109 309 261 3800
is_linear=0
shrinkage=0.1


Tree=84
num_leaves=31
num_cat=0
split_feature=2 0 0 1 0 1 1 1 1 3 0 0 1 1 0 1 1 0 1 1 1 0 0 1 1 1 1 4 0 0
split_gain=0.171415 0.142627 0.451138 0.731544 0.425701 1.02561 1.87336 0.805596 0.583836 0.434505 0.324675 1.1497 1.6728 1.17274 0.275599 1.49667 0.515597 0.221725 1.01255 0.236195 0.198948 0.6564 0.605566 0.604496 1.09601 0.434594 0.141067 0.836841 1.06438 0.710313
threshold=1.0000000180025095e-35 0.23571568079892355 0.083037160214044267 -1.6389242138941136 0.249236792683561 -0.65122107733173962 -0.31372758102863535 0.50741869166641418 -1.3792605562038578 1.0000000180025095e-35 -0.04038609978318064 -0.026421291365354559 0.067005268140030119 -0.81466223153096939 0.11016994778264054 0.50741869166641418 0.094697854201477402 -0.05324025311655247 -1.1622330680682371 1.5534151710074486 -1.6661939301571764 1.6897037770005499 1.5795329942026839 -1.6121428977731687 -1.625216201180067 -1.5413612083934509 -1.6792385571657114 1.0000000180025095e-35 -1.4879188024431256 -0.92419775505441082
decision_type=2 2 2 2 2 2 2 2 2 2 2 2 2 2 2 2 2 2 2 2 2 2 2 2 2 2 2 2 2 2
left_child=1 2 10 -4 5 8 -7 -8 -3 -10 17 12 -12 -13 15 -5 -16 19 -19 -1 21 22 -6 24 -22 -25 27 28 -2 -29
right_child=26 4 3 14 20 6 7 -9 9 -11 11 13 -14 -15 16 -17 -18 18 -20 -21 23 -23 -24 25 -26 -27 -28 29 -30 -31
leaf_value=-0.00014050460372769176 -0.016040830896777471 0.008880573688074947 -0.011131906492856185 -0.0073599100702513871 -0.0015417732560251019 0.035505090721628885 -0.0032756977253656431 0.010918019741944883 -0.0013345234692096711 -0.019184937427441279 0.00016756677247870428 0.003989037565452702 0.015799110112535257 -0.0012738247060213989 0.00074080987342375253 0.0039664395046701845 -0.0022828628270408755 -0.017150683825575684 -0.00039717085723428428 -0.0013980269795652572 0.00087320603842674981 0.015104727578264747 -0.013903844068476626 -0.0027490925376789759 0.012313491412908309 5.331825675815744e-05 9.4715626215826105e-05 0.012761086342180825 0.0002090199587299772 0.0025912963218018246
leaf_weight=30701 43 20 76 325 505 22 74 87 25 30 156 586 122 1526 1172 182 1087 43 224 1570 341 22 43 565 111 26898 65741 91 644 280
leaf_count=30701 43 20 76 325 505 22 74 87 25 30 156 586 122 1526 1172 182 1087 43 224 1570 341 22 43 565 111 26898 65741 91 644 280
internal_value=-3.13573e-12 -0.000113638 -0.000241381 -0.00145297 5.42254e-05 0.00409798 0.00813431 0.0043942 -0.00575066 -0.0110711 -0.000142797 0.000982155 0.00702745 0.00018642 -0.00118703 -0.00329404 -0.00071414 -0.000225428 -0.0030953 -0.000201684 1.75995e-05 -0.00183185 -0.00251179 5.53637e-05 0.00368266 -4.33612e-06 0.000113151 0.00125867 -0.000808074 0.00508577
internal_weight=133312 66513 37770 2842 28743 258 183 161 75 55 34928 2390 278 2112 2766 507 2259 32538 267 32271 28485 570 548 27915 452 27463 66799 1058 687 371
internal_count=133312 66513 37770 2842 28743 258 183 161 75 55 34928 2390 278 2112 2766 507 2259 32538 267 32271 28485 570 548 27915 452 27463 66799 1058 687 371
is_linear=0
shrinkage=0.1


Tree=85
num_leaves=31
num_cat=0
split_feature=3 0 2 1 1 1 1 1 4 1 1 0 4 0 0 0 0 0 1 0 1 4 1 1 0 0 1 1 2 2
split_gain=0.169329 0.207602 0.280194 0.379909 0.633388 0.30507 0.642046 0.378415 0.19675 0.187166 0.509612 0.73937 0.801384 0.37536 0.354925 0.805245 0.270035 0.269144 0.1828 0.506423 0.307149 0.172402 0.258234 1.70973 0.95897 2.65507 0.793838 1.18925 1.3702 0.617388
threshold=1.0000000180025095e-35 1.7165539994479666 1.0000000180025095e-35 0.751316437217176 -0.026991488631561162 1.1861209055925299 0.65583258508244013 -1.0072735885236976 1.0000000180025095e-35 -1.6121428977731687 -1.5971873910684447 0.20749508558276522 1.0000000180025095e-35 1.6347047388440266 1.3508819860763659 1.3122022017197439 1.4983336419829485 1.4320094499535589 1.70236410240915 1.5395584382489742 1.6758661632427945 1.0000000180025095e-35 -1.4333464172982049 -1.5013171877676104 0.47999169967707689 -0.04038609978318064 -1.2559416080252952 -1.2829530085059275 1.0000000180025095e-35 1.0000000180025095e-35
decision_type=2 2 2 2 2 2 2 2 2 2 2 2 2 2 2 2 2 2 2 2 2 2 2 2 2 2 2 2 2 2
left_child=21 9 5 4 8 6 7 -3 -4 13 11 12 -11 14 15 -2 -13 -16 20 -20 -12 -1 23 29 25 -25 27 -24 -29 -23
right_child=1 2 3 -5 -6 -7 -8 -9 -10 10 18 16 -14 -15 17 -17 -18 -19 19 -21 -22 22 26 24 -26 -27 -28 28 -30 -31
leaf_value=-0.00022602634715102629 -0.00071229727724082044 -0.0087065110094845296 0.0045246454336765139 0.016410926385814772 -0.0099461709077541659 0.0110649195703445 -0.017202946997207143 0.0059370892370740579 0.015937771231098019 0.014562284820665098 0.00012019892614996549 -0.0035196697569917891 -0.0011273493096992677 -0.0094312084040471499 0.0095833010268661228 -0.016225766401518793 0.007919870005347409 0.001224463395047801 0.0013325705719601127 0.016843572864308955 -0.0023342805406339614 -0.0014211502667916738 0.0014233710893842562 -0.0046647326309959261 -0.00031004907348408152 -0.027956389472456069 6.7498113193858336e-05 0.019582579393560687 0.0017269219314171511 0.0026790078546617452
leaf_weight=44539 2102 25 44 29 26 20 23 60 23 97 62934 100 49 49 53 34 26 141 487 22 514 737 968 208 156 64 18878 84 88 732
leaf_count=44539 2102 25 44 29 26 20 23 60 23 97 62934 100 49 49 53 34 26 141 487 22 514 737 968 208 156 64 18878 84 88 732
internal_value=-3.78118e-12 0.000112361 0.00298865 0.00641778 0.00330164 -0.000279741 -0.0023806 0.00163015 0.00844258 0.000101565 0.000133827 0.00445313 0.00929659 -0.000769437 -0.000587279 -0.000959235 -0.00115913 0.00350806 0.000115457 0.00200299 0.000100315 -0.000113044 0.000116576 -0.000998521 -0.00656038 -0.0101451 0.000222248 0.00278485 0.0104471 0.000621951
internal_weight=133312 66858 250 122 93 128 108 85 67 66608 64229 272 146 2379 2330 2136 126 194 63957 509 63448 66454 21915 1897 428 272 20018 1140 172 1469
internal_count=133312 66858 250 122 93 128 108 85 67 66608 64229 272 146 2379 2330 2136 126 194 63957 509 63448 66454 21915 1897 428 272 20018 1140 172 1469
is_linear=0
shrinkage=0.1


Tree=86
num_leaves=31
num_cat=0
split_feature=1 1 0 0 0 0 0 3 3 1 0 0 0 0 0 0 0 0 4 1 0 4 0 0 0 0 0 1 1 1
split_gain=0.161403 0.877681 1.91532 1.10403 0.698732 0.869007 0.476145 1.47799 0.464664 0.441202 0.614964 0.874034 1.00475 1.01428 0.632032 0.701249 0.572482 0.606669 0.489571 0.295478 0.454244 0.903657 0.882392 0.856155 1.48417 1.2544 0.306765 0.312063 1.23144 1.01966
threshold=-0.36805381230554191 -0.35465328373179178 -1.3066071906808669 1.4587152213936438 0.53389706364613343 0.97119495348589113 -1.624164187359636 1.0000000180025095e-35 1.0000000180025095e-35 -0.39512005268754408 -1.0767777741700191 -0.29923375264560831 -0.14919505608193159 0.13655209658715245 -1.4732671313189605 -1.5438104184792234 -0.47400517433395878 -0.73300556417410279 1.0000000180025095e-35 -0.42343438325579047 -0.8828293650044392 1.0000000180025095e-35 -1.5295459605057691 0.45269217921968474 0.30338364931279499 0.56120335882398942 -1.6771782804462929 -0.73434745082766406 -0.70826461407902352 -0.77351550701973559
decision_type=2 2 2 2 2 2 2 2 2 2 2 2 2 2 2 2 2 2 2 2 2 2 2 2 2 2 2 2 2 2
left_child=9 2 6 4 8 -6 -2 -8 -4 19 14 16 -13 -14 15 18 17 -12 -11 26 21 22 -21 24 -22 -25 27 29 -29 -1
right_child=1 -3 3 -5 5 -7 7 -9 -10 10 11 12 13 -15 -16 -17 -18 -19 -20 20 23 -23 -24 25 -26 -27 -28 28 -30 -31
leaf_value=-0.0018180582385249678 0.0015852083706042984 6.2038237810786245e-05 0.0013059386492906405 -0.0090352373379396222 0.023948361586641383 0.0072642190734276899 -0.03157310098010515 0.0022453101196636756 0.0094246228732181789 0.010485347822822374 -0.010559144396185209 0.013818885685830583 -0.012460231948096086 -0.00060315039279759404 0.0071804352819919599 -0.019928869746980216 -0.017463101149985085 0.00084263096970971685 -0.0084121088927181873 0.010678162162556598 0.0034108434464968206 0.0047626489376085338 -0.010675427511899321 -0.019912119038523204 0.020328327544705302 0.0010565546437169234 -9.765016911205379e-05 -0.027297854391129125 -0.0025896497043105208 0.018032537304140905
leaf_weight=622 22 80287 140 41 54 74 28 24 142 29 112 41 85 477 125 21 54 80 26 23 346 109 122 31 61 358 49564 23 164 27
leaf_count=622 22 80287 140 41 54 74 28 24 142 29 112 41 85 477 125 21 54 80 26 23 346 109 122 31 61 358 49564 23 164 27
internal_value=1.94484e-12 8.86876e-05 0.00416412 0.00661075 0.00817535 0.0143028 -0.0107471 -0.0159646 0.00539407 -0.000136515 -0.00216577 -0.00334331 -0.00129394 -0.00239648 0.002808 -0.0043835 -0.00836675 -0.0058084 0.001552 -9.51014e-05 0.00156521 -0.00211683 -0.00728831 0.00274014 0.00594639 -0.000614471 -0.000129691 -0.00202931 -0.00562863 -0.000992225
internal_weight=133312 80812 525 451 410 128 74 52 282 52500 1050 849 603 562 201 76 246 192 55 51450 1050 254 145 796 407 389 50400 836 187 649
internal_count=133312 80812 525 451 410 128 74 52 282 52500 1050 849 603 562 201 76 246 192 55 51450 1050 254 145 796 407 389 50400 836 187 649
is_linear=0
shrinkage=0.1


Tree=87
num_leaves=31
num_cat=0
split_feature=0 1 1 0 0 1 0 0 1 1 1 0 2 0 0 1 0 0 1 0 0 1 0 1 3 0 3 4 1 1
split_gain=0.147962 0.32255 0.557907 0.449678 0.593154 0.96015 0.708902 0.550753 0.782252 0.52396 0.487115 0.429037 0.505472 1.60004 1.17949 0.370016 0.541236 0.461946 0.237873 1.40991 0.625343 0.355575 2.12108 0.767053 0.303765 0.209216 0.193881 0.143564 0.572197 1.62325
threshold=0.80565685850630275 -1.4333464172982049 -1.3517739694608502 1.6616309722471232 1.6347047388440266 -1.5413612083934509 1.6484719797302079 1.6897037770005499 -1.528189220482731 -1.6792385571657114 -1.5971873910684447 0.88950629404955894 1.0000000180025095e-35 1.188804308194185 1.2435820064612322 -1.528189220482731 1.2301100328484971 1.0120705111601314 -1.3098536991182359 1.6347047388440266 1.080273990019111 -1.2559416080252952 1.5795329942026839 -1.2432879723420092 1.0000000180025095e-35 1.7165539994479666 1.0000000180025095e-35 1.0000000180025095e-35 0.21882165182491162 0.14962634069378936
decision_type=2 2 2 2 2 2 2 2 2 2 2 2 2 2 2 2 2 2 2 2 2 2 2 2 2 2 2 2 2 2
left_child=27 3 11 4 15 6 -6 8 10 -9 -5 26 14 -14 -13 16 -2 -17 19 20 -4 22 -20 -23 -21 -11 -3 -1 29 -29
right_child=1 2 18 7 5 -7 -8 9 -10 25 -12 12 13 -15 -16 17 -18 -19 21 24 -22 23 -24 -25 -26 -27 -28 28 -30 -31
leaf_value=-0.00014922161507517796 -0.0016893513799451365 0.015407089266550933 0.0017295767984175977 0.0089029271824237633 -0.027926503776990137 0.0048656415134187671 -0.0054097330059718202 0.011813638644741366 0.020621069075187317 -0.00056450033249954385 -0.0097066720270297738 -0.0067158793670844714 0.014013211914495897 0.00019102891818656363 0.0046945510916600024 0.0011529842855416209 0.0016540770776183669 -0.00386772701500974 0.0054473115734087873 0.022339064938326679 -0.0070222967022295262 -0.0077575052449525882 -0.011747159268159202 0.00022021390190310236 0.0056521931756287822 -0.0097359070064205883 0.0050286693808933103 -8.1726428109224676e-05 0.00058530408258073775 -0.0052043955520851698
leaf_weight=65187 1010 36 121 39 29 31 27 27 37 72 22 167 124 258 198 251 930 679 460 24 251 121 85 30539 20 38 36 17683 14169 641
leaf_count=65187 1010 36 121 39 29 31 27 27 37 72 22 167 124 258 198 251 930 679 460 24 251 121 85 30539 20 38 36 17683 14169 641
internal_value=4.30633e-12 0.000174431 0.000268809 -0.000784721 -0.00111932 -0.00925398 -0.0170702 0.00342556 0.00914946 -0.000668907 0.00219127 0.00284564 0.00213506 0.00467781 -0.000526112 -0.000872732 -8.65738e-05 -0.00251267 0.000202067 -0.0021734 -0.00417559 0.000233735 0.00276561 0.00018873 0.0147541 -0.0037328 0.0102179 -6.36294e-05 0.000108084 -0.000260925
internal_weight=133312 35632 32440 3192 2957 87 56 235 98 137 61 819 747 382 365 2870 1940 930 31621 416 372 31205 545 30660 44 110 72 97680 32493 18324
internal_count=133312 35632 32440 3192 2957 87 56 235 98 137 61 819 747 382 365 2870 1940 930 31621 416 372 31205 545 30660 44 110 72 97680 32493 18324
is_linear=0
shrinkage=0.1


Tree=88
num_leaves=31
num_cat=0
split_feature=0 0 1 1 1 1 1 1 1 0 1 4 1 1 0 0 0 0 1 0 0 1 1 0 0 1 0 0 0 0
split_gain=0.135806 0.283892 0.628458 0.861221 0.686329 0.680265 0.15909 0.837261 0.964379 1.96517 0.724252 0.571588 1.20916 0.718325 0.44651 0.789687 0.433159 3.24653 0.799717 0.410673 0.181996 0.143252 0.928115 0.598186 2.58458 1.00564 0.710959 0.478384 1.39493 0.722536
threshold=-0.62075907107473738 -0.66196591156441087 -1.6661939301571764 -1.5971873910684447 -1.5413612083934509 -1.295855091744633 1.4719522576499282 1.4182436835650751 1.4048466568960576 -0.91060317838706772 1.5534151710074486 1.0000000180025095e-35 1.4317441672950451 1.4582786588247054 -1.1039996790362185 -1.1722337314791331 -1.5574907306304182 -1.5295459605057691 1.5263981832552547 -1.0906436271431159 -0.74713009814799736 -0.96723971438260092 -0.99302568805224634 -0.4599154408067298 -0.47400517433395878 -1.625216201180067 -0.54045623161434586 1.1068935118785315 0.6544191473598544 0.91692138636881337
decision_type=2 2 2 2 2 2 2 2 2 2 2 2 2 2 2 2 2 2 2 2 2 2 2 2 2 2 2 2 2 2
left_child=1 6 -3 -4 -5 -6 7 8 20 -10 16 13 -13 -9 15 -12 18 -18 -8 -16 -1 22 23 24 26 -26 -2 28 -24 -30
right_child=21 2 3 4 5 -7 10 11 9 -11 14 12 -14 -15 19 -17 17 -19 -20 -21 -22 -23 27 -25 25 -27 -28 -29 29 -31
leaf_value=-0.00018985315063655989 0.0014657972205716278 -0.016883105569734023 0.015028892916598126 -0.015389332332249199 0.0063823272640722885 -0.0018252465043421752 0.0028100329937528722 0.0011044918542244921 0.0013959598944832882 0.026164176951472957 -7.9393849330986513e-05 -0.01910909063563767 -0.0032374978033741092 -0.0084847001604876435 -0.01541273911767032 0.0083932373768623291 -0.036893693171441554 0.0029542578298038984 0.01779546675814065 -0.0018628802871192059 0.00063832864040714178 0.00013616608672443784 -0.0022436279655244219 0.00011416401322063581 0.002525779746827625 -0.021911627823959435 -0.003420372492403042 0.00071109593877538482 -0.02193048261256228 -0.0072500301920489915
leaf_weight=34290 648 26 32 35 109 1373 113 297 135 42 1119 66 176 106 23 122 21 775 52 814 2876 70634 402 18050 21 85 551 184 62 73
leaf_count=34290 648 26 32 35 109 1373 113 297 135 42 1119 66 176 106 23 122 21 775 52 814 2876 70634 402 18050 21 85 551 184 62 73
internal_value=-3.39569e-12 -0.000147278 -0.0014648 -0.001206 -0.00154846 -0.00122159 -9.66995e-05 -0.000152396 -9.06966e-05 0.00727316 0.000599518 -0.00372456 -0.00756611 -0.00141773 -0.00045031 0.000753532 0.00286959 0.00190299 0.00753272 -0.00223522 -0.000125766 6.91692e-05 -0.000166548 -3.53178e-05 -0.00210286 -0.0170703 -0.00077964 -0.00368937 -0.00519717 -0.0139922
internal_weight=133312 42602 1575 1549 1517 1482 41027 37988 37343 177 3039 645 242 403 2078 1241 961 796 165 837 37166 90710 20076 19355 1305 106 1199 721 537 135
internal_count=133312 42602 1575 1549 1517 1482 41027 37988 37343 177 3039 645 242 403 2078 1241 961 796 165 837 37166 90710 20076 19355 1305 106 1199 721 537 135
is_linear=0
shrinkage=0.1


Tree=89
num_leaves=31
num_cat=0
split_feature=3 0 2 1 1 1 1 1 1 0 0 1 1 1 1 1 1 1 2 1 1 2 1 1 0 0 1 0 0 1
split_gain=0.13618 0.171431 0.228351 0.302546 0.531281 0.24433 0.525388 0.293745 0.232404 0.151751 0.38448 0.482965 0.687921 0.809106 0.678712 0.516828 0.262969 0.20905 0.425022 0.649846 0.335036 0.43966 0.20196 0.14819 0.408371 0.73932 0.248305 0.689639 0.467873 0.336377
threshold=1.0000000180025095e-35 1.7165539994479666 1.0000000180025095e-35 0.751316437217176 -0.5841632747729022 1.1861209055925299 0.65583258508244013 -1.0072735885236976 -1.0631441844192999 1.6897037770005499 1.7165539994479666 -0.74737889880155994 -1.2829530085059275 -1.5682942358113998 -0.54469342142118038 -0.026991488631561162 -0.92539643489187096 0.65583258508244013 1.0000000180025095e-35 -0.78752140502819434 1.0233647397699486 1.0000000180025095e-35 -1.0072735885236976 1.70236410240915 1.5395584382489742 1.2993605590551378 1.6758661632427945 1.4453245433522455 0.42521764364400833 1.6625467557041274
decision_type=2 2 2 2 2 2 2 2 2 2 2 2 2 2 2 2 2 2 2 2 2 2 2 2 2 2 2 2 2 2
left_child=9 23 5 4 8 6 7 -3 -4 -1 11 12 13 -11 -13 -16 -14 18 19 -12 -19 -22 -20 26 25 -25 29 28 -28 -2
right_child=1 2 3 -5 -6 -7 -8 -9 -10 10 17 14 16 -15 15 -17 -18 20 22 -21 21 -23 -24 24 -26 -27 27 -29 -30 -31
leaf_value=-0.00011811049300413648 8.0247536084968157e-05 -0.007595195673406125 0.0023472033271735365 0.014727992276211493 -0.0051208999874286874 0.0099165860295761382 -0.015524494421222938 0.0053065622101227446 0.016081804136878677 0.013725373074412345 -0.005728590349993996 -0.013546169359857838 0.010054610379572428 -0.0092075535422191015 0.0099461540894801997 0.00021322894819499253 0.02258851082402874 -0.013397413838122572 0.0017341126627739398 0.011121974115570386 -0.0094461835869070563 0.0091556619697560869 -0.0082061279743599388 0.002132640170153615 0.015117374229752881 -0.014893644734251281 -0.0032522187321516339 -0.01656995075604608 0.0034990333226773691 0.0035661341663929067
leaf_weight=65649 65307 25 22 29 43 20 23 60 28 25 37 30 70 40 68 276 22 35 31 60 27 24 60 460 22 27 335 31 148 278
leaf_count=65649 65307 25 22 29 43 20 23 60 28 25 37 30 70 40 68 276 22 35 31 60 27 24 60 460 22 27 335 31 148 278
internal_value=-2.06314e-12 0.000100764 0.0027145 0.00581018 0.00302936 -0.000236077 -0.0021162 0.00151193 0.0100386 -0.000101377 0.00126328 0.00283316 0.00748791 -0.000387197 0.000879157 0.00213718 0.0130518 -0.00177909 8.9098e-05 0.00469444 -0.00586303 -0.000692374 -0.00481989 9.09542e-05 0.0017907 0.00118868 7.78651e-05 -0.00211149 -0.00118351 9.50234e-05
internal_weight=133312 66858 250 122 93 128 108 85 50 66454 805 531 157 65 374 344 92 274 188 97 86 51 91 66608 509 487 66099 514 483 65585
internal_count=133312 66858 250 122 93 128 108 85 50 66454 805 531 157 65 374 344 92 274 188 97 86 51 91 66608 509 487 66099 514 483 65585
is_linear=0
shrinkage=0.1


Tree=90
num_leaves=31
num_cat=0
split_feature=2 1 0 0 0 0 1 0 0 3 1 0 0 1 0 0 0 4 0 1 1 0 0 0 4 1 4 0 1 1
split_gain=0.127559 0.137694 0.472685 0.187916 0.532404 0.621733 0.183271 0.72818 1.23345 0.679911 0.625406 0.981778 0.840462 0.592236 0.878463 0.459883 1.26577 1.20381 0.317111 0.197206 0.137276 0.252622 0.630159 1.50247 0.415069 0.558298 0.337671 0.275124 0.204442 0.622172
threshold=1.0000000180025095e-35 1.7164242529502232 -1.3066071906808669 -0.96651626700653914 -0.59322070223045664 -0.17621277219873899 1.6888782493775765 -0.69084601288405256 -0.89691327455437053 1.0000000180025095e-35 1.6758661632427945 1.4320094499535589 0.95781783596699255 1.6473880431450916 1.2993605590551378 -0.20355569824042799 0.04147716324345601 1.0000000180025095e-35 -1.4048914043645619 1.5534151710074486 1.6625467557041274 -1.5438104184792234 -1.0633242101616847 -0.95269885033716273 1.0000000180025095e-35 1.7164242529502232 1.0000000180025095e-35 -0.64804592430692021 1.5534151710074486 1.5401712741309139
decision_type=2 2 2 2 2 2 2 2 2 2 2 2 2 2 2 2 2 2 2 2 2 2 2 2 2 2 2 2 2 2
left_child=20 6 -3 -4 -5 -6 10 8 18 -10 13 12 -12 19 -15 17 -17 -9 -8 -2 28 26 24 -24 25 -23 -22 -25 29 -1
right_child=1 2 3 4 5 -7 7 15 9 -11 11 -13 -14 14 -16 16 -18 -19 -20 -21 21 22 23 27 -26 -27 -28 -29 -30 -31
leaf_value=-0.00010640481727174208 0.00011410775940206701 0.0097973759125532783 -0.011940245926380159 0.0097869387041006617 -0.016755285417727594 -0.0018214283726878302 0.0071003823474581756 0.023149575442075729 -0.030991134637345871 -0.0055444418319634033 -0.0051336226414534086 -0.025487174936348486 0.012723725343433521 0.0020007678658962289 0.014952335885520709 -0.01425822386027951 0.0052955042354079461 -0.0033499492363383374 -0.0026144660773709241 -0.00092410507037325718 -0.0096130784676999471 0.00047462559809197786 -0.019157483338035252 0.005771642186508481 0.015055866000424748 0.017233965948224069 0.0043144451833709531 0.00051209031984939966 -0.0011007412180104815 0.0048049059456473217
leaf_weight=62921 63320 29 25 29 35 137 56 40 21 21 217 21 30 466 59 38 257 30 84 1884 49 97 38 112 46 25 27 888 2051 259
leaf_count=62921 63320 29 25 29 35 137 56 40 21 21 217 21 30 466 59 38 257 30 84 1884 49 97 38 112 46 25 27 888 2051 259
internal_value=-3.26621e-12 9.76087e-05 -0.00222169 -0.00376396 -0.00274701 -0.00486029 0.000106496 0.00192939 -0.00323759 -0.0182678 9.13878e-05 -0.00472953 -0.00296471 0.000111044 0.00345628 0.0045058 0.00277672 0.0117926 0.00127147 8.41097e-05 -9.80284e-05 0.000926742 0.00127913 0.000359514 0.00696106 0.00390892 -0.00466514 0.00110116 -0.000118168 -8.62714e-05
internal_weight=133312 66799 255 226 201 172 66544 547 182 42 65997 268 247 65729 525 365 295 70 140 65204 66513 1282 1206 1038 168 122 76 1000 65231 63180
internal_count=133312 66799 255 226 201 172 66544 547 182 42 65997 268 247 65729 525 365 295 70 140 65204 66513 1282 1206 1038 168 122 76 1000 65231 63180
is_linear=0
shrinkage=0.1


Tree=91
num_leaves=31
num_cat=0
split_feature=1 1 1 0 0 2 4 0 0 0 0 0 0 0 0 0 1 0 1 0 2 1 0 0 1 0 3 1 4 1
split_gain=0.117064 0.831371 0.40952 0.712299 1.02056 1.21835 0.481801 0.466845 0.891008 0.33984 0.317739 2.11719 0.967757 1.18387 0.593544 0.574314 1.88403 1.30297 0.780029 0.492619 0.447543 0.190624 0.623461 0.981806 1.28874 0.900195 0.803435 0.71571 0.624053 0.545928
threshold=-1.2166497752400189 -1.2559416080252952 -1.2686185968858925 -0.081578325255809797 0.17933523898616346 1.0000000180025095e-35 1.0000000180025095e-35 -0.99353267119825994 -0.58014252681446843 -1.2539550398715551 1.1478662893512472 0.99796256044795928 0.69558447879726681 0.64117377101421114 0.84783260509772262 1.3508819860763659 -1.2432879723420092 1.4587152213936438 -1.2432879723420092 1.5128062009993337 1.0000000180025095e-35 -1.0631441844192999 1.4714890195892034 1.4051243056262674 -1.1622330680682371 1.4983336419829485 1.0000000180025095e-35 -1.0769741104674202 1.0000000180025095e-35 -1.0213707215850361
decision_type=2 2 2 2 2 2 2 2 2 2 2 2 2 2 2 2 2 2 2 2 2 2 2 2 2 2 2 2 2 2
left_child=1 2 -1 7 5 -5 -6 9 -9 -4 11 12 13 -3 -14 18 17 -17 -12 -18 -20 22 23 -2 28 26 -24 -27 -25 -23
right_child=21 10 3 4 6 -7 -8 8 -10 -11 15 -13 14 -15 -16 16 19 -19 20 -21 -22 29 25 24 -26 27 -28 -29 -30 -31
leaf_value=-0.0001153438575625531 0.00050052370146927872 -0.0027539953412332257 0.0062944998536862105 0.0016087288968265057 -0.0010198813611698664 -0.030599407495363901 0.0088022931447590564 0.020744115416452571 0.003940941320168069 -0.0050317819035330487 0.021708643121215013 -0.024647568098523403 0.013523952373913651 -0.025674791569295138 -0.000782348225214358 -0.035859598050063307 0.012876724724386199 -0.0062705385660671679 -0.0086598715555198779 -0.00035478435302673677 0.0078420897768366905 -0.0018388304769468959 0.031017339652912188 -0.031211260457833609 0.00092142784210332376 0.0011916501076867511 0.0063462445004419847 0.01705990297900092 -0.0087956829320477419 3.6724337097340773e-05
leaf_weight=17850 5238 1113 69 24 163 23 72 53 78 43 26 44 58 23 58 22 48 46 27 68 42 1575 22 27 59 342 33 31 23 106012
leaf_count=17850 5238 1113 69 24 163 23 72 53 78 43 26 44 58 23 58 22 48 46 27 68 42 1575 22 27 59 342 33 31 23 106012
internal_value=-3.27423e-12 -0.000223377 -3.43812e-05 0.00271835 -0.000700895 -0.0141527 0.00198947 0.00668636 0.0107392 0.00194602 -0.00242833 -0.00308734 -0.00232964 -0.00321806 0.0063708 0.000632894 -0.00262717 -0.0158435 0.00694712 0.00512032 0.0013848 3.9311e-05 0.000599015 0.00030505 -0.00908844 0.00427152 0.0162147 0.00251046 -0.0209001 9.2675e-06
internal_weight=133312 19950 18375 525 282 47 235 243 131 112 1575 1296 1252 1136 116 279 184 68 95 116 69 113362 5775 5347 109 428 55 373 50 107587
internal_count=133312 19950 18375 525 282 47 235 243 131 112 1575 1296 1252 1136 116 279 184 68 95 116 69 113362 5775 5347 109 428 55 373 50 107587
is_linear=0
shrinkage=0.1


Tree=92
num_leaves=31
num_cat=0
split_feature=0 0 1 1 4 1 1 4 0 0 1 0 1 1 1 3 0 0 2 2 1 1 4 0 0 0 0 0 0 0
split_gain=0.114863 0.37414 1.72042 0.541679 0.417891 0.525484 0.417624 0.562408 1.23282 0.659067 0.289812 0.260941 0.247868 0.876739 0.668343 0.600547 0.511852 0.337632 0.241484 0.167581 0.101685 0.320226 0.980776 0.792242 0.736877 1.34115 0.963343 0.468682 0.420866 0.3099
threshold=-1.3479419897304001 -1.3910239839141842 1.6625467557041274 -1.6518870139517692 1.0000000180025095e-35 1.5401712741309139 1.6625467557041274 1.0000000180025095e-35 -1.664457234418135 -1.418527493620662 -0.95303886162758167 -1.6771782804462929 -1.6518870139517692 -1.6121428977731687 -1.706756867122339 1.0000000180025095e-35 -1.664457234418135 -1.4048914043645619 1.0000000180025095e-35 1.0000000180025095e-35 1.6473880431450916 1.6758661632427945 1.0000000180025095e-35 -1.2809496696473774 -0.7599523812172172 -1.0489426857539244 -0.63475074041625767 -0.89691327455437053 0.8761331149580297 1.4051243056262674
decision_type=2 2 2 2 2 2 2 2 2 2 2 2 2 2 2 2 2 2 2 2 2 2 2 2 2 2 2 2 2 2
left_child=1 6 3 -3 10 -6 12 8 -8 -10 -5 -9 14 15 19 -14 -16 -15 -13 -1 -2 22 29 -23 25 -25 -26 -24 -29 -22
right_child=20 2 -4 4 5 -7 7 11 9 -11 -12 18 13 17 16 -17 -18 -19 -20 -21 21 23 27 24 26 -27 -28 28 -30 -31
leaf_value=0.00032232136496144239 1.8322908117217463e-05 -0.014166721783112735 -0.027229088702454021 -0.0054631173270186101 0.002038860216295436 -0.013767054338346831 -0.01895025220734102 0.020668881405144932 0.0015719278381888088 0.020696161971205759 -0.0013156039967716492 0.00087533485272835046 -0.016320957417634351 -0.00025093271079958964 -0.0047821686638406281 -0.0030090584643543343 0.008990670280291926 0.0024272564214497462 0.013383223023265601 -0.0073265836384423357 -0.00077974262672139759 0.013619555042284291 -0.0021622624141552178 0.0023010767016737525 0.011412125117109194 -0.0103768010221019 -7.4464644888310258e-05 0.011251731710982021 0.0021835821253868445 0.0068891067957055976
leaf_weight=61 115788 32 26 213 479 22 27 20 127 21 806 29 54 11962 33 91 148 490 33 54 576 41 48 152 77 185 1410 177 72 58
leaf_count=61 115788 32 26 213 479 22 27 20 127 21 806 29 54 11962 33 91 148 490 33 54 576 41 48 152 77 185 1410 177 72 58
internal_value=-8.44898e-13 -0.000263389 -0.00171836 -0.00129099 -0.00101992 0.00134479 -8.87922e-05 0.00390275 0.000700557 0.0042855 -0.00218255 0.0107367 -0.000168357 -0.000235569 0.00269201 -0.00796659 0.0064796 -0.000145543 0.00753276 -0.00326934 3.27126e-05 0.000628619 0.00214331 -0.000127509 -0.000436516 -0.00465859 0.000520335 0.00688547 0.00862962 -7.8176e-05
internal_weight=133312 14728 1578 1552 1520 501 13150 257 175 148 1019 82 12893 12597 296 145 181 12452 62 115 118584 2796 931 1865 1824 337 1487 297 249 634
internal_count=133312 14728 1578 1552 1520 501 13150 257 175 148 1019 82 12893 12597 296 145 181 12452 62 115 118584 2796 931 1865 1824 337 1487 297 249 634
is_linear=0
shrinkage=0.1


Tree=93
num_leaves=31
num_cat=0
split_feature=3 0 0 1 1 1 1 2 0 1 1 1 4 1 1 1 0 1 1 1 1 0 1 1 1 0 1 0 0 0
split_gain=0.109148 0.153073 0.514127 0.601537 0.483882 1.01243 0.854282 1.2423 0.709757 1.21728 0.96556 0.473264 0.389148 0.961551 0.352662 0.34662 1.50991 0.560481 0.303351 0.151806 0.395437 1.0483 0.291291 0.227314 1.00848 0.737786 0.118897 0.423938 0.817695 0.811085
threshold=1.0000000180025095e-35 1.5940659747050052 1.5662704605009601 1.498783523019952 -0.47814042682369268 -0.80155907459109021 -0.38151719047279825 1.0000000180025095e-35 1.6897037770005499 -1.3098536991182359 -1.6929017769730061 -0.3409765404152269 1.0000000180025095e-35 -1.0769741104674202 -0.31372758102863535 -0.72084887649706297 1.6616309722471232 -0.62391444833449994 -1.2686185968858925 1.1176565880083282 1.1319660425107732 1.0120705111601314 1.1452930085212312 1.010773702010747 0.99763118324291822 1.5395584382489742 -1.706756867122339 0.5198730197905802 1.3636671949727737 1.188804308194185
decision_type=2 2 2 2 2 2 2 2 2 2 2 2 2 2 2 2 2 2 2 2 2 2 2 2 2 2 2 2 2 2
left_child=26 2 19 12 5 8 7 -6 10 -10 -3 -8 18 -14 -13 16 -7 -17 -4 23 21 -21 -22 24 -2 -25 27 -1 29 -29
right_child=1 4 3 -5 6 15 11 -9 9 -11 -12 14 13 -15 -16 17 -18 -19 -20 20 22 -23 -24 25 -26 -27 -28 28 -30 -31
leaf_value=-0.00068246091198764867 2.3531708861208059e-05 -0.01683241568465272 0.0067434060204701095 -0.017349559860303999 0.00087938961507969123 -0.025111106744943525 -0.01226427763234824 0.026458428005742676 0.0052535821264097981 -0.0097792060117971036 0.0041584870900837345 0.013386115408502521 -0.020739304624860073 -0.002031286032308407 0.0014109425411566439 0.0020793651286737029 0.0056522686465608858 -0.0087844100474539378 -0.0016419749550654419 0.0070982726812545069 -0.0031644416285447905 -0.00999266735472998 0.00040162196409304103 -0.0012527913523682184 0.0065348097123814524 0.016763185434367344 -0.00010254508330898634 0.0056721365156153511 -0.0055042398590594531 0.025732614802196626
leaf_weight=333 50196 23 51 28 43 39 25 34 91 132 464 25 36 116 1507 83 27 111 280 217 234 43 10849 1942 239 23 65942 104 50 25
leaf_count=333 50196 23 51 28 43 39 25 34 91 132 464 25 36 116 1507 83 27 111 280 217 234 43 10849 1942 239 23 65942 104 50 25
internal_value=2.51324e-12 9.02103e-05 5.97494e-05 -0.00309955 0.000841838 -0.000927413 0.00189213 0.012174 0.00102762 -0.00364475 0.00316713 0.00138365 -0.00227346 -0.00646213 0.00160636 -0.00626617 -0.0125261 -0.00413651 -0.000349968 8.50761e-05 0.000416764 0.00427169 0.00032633 1.32758e-05 5.43872e-05 -0.00104192 -9.07587e-05 0.00142724 0.00535199 0.00955983
internal_weight=133312 66858 64254 511 2604 970 1634 77 710 223 487 1557 483 152 1532 260 66 194 331 63743 11343 260 11083 52400 50435 1965 66454 512 179 129
internal_count=133312 66858 64254 511 2604 970 1634 77 710 223 487 1557 483 152 1532 260 66 194 331 63743 11343 260 11083 52400 50435 1965 66454 512 179 129
is_linear=0
shrinkage=0.1


Tree=94
num_leaves=31
num_cat=0
split_feature=2 1 4 0 0 1 1 1 0 4 3 0 0 0 0 0 0 3 0 0 0 0 1 1 1 0 1 0 1 1
split_gain=0.104535 0.130616 0.656715 0.832227 0.602456 1.20711 0.836203 0.544251 0.665333 1.10904 1.13288 0.999432 0.516093 0.568167 0.347985 0.546839 0.447196 0.336124 0.695222 0.587305 0.122923 0.432426 0.641463 0.272073 0.133818 1.43429 0.559578 0.105208 0.225036 0.465918
threshold=1.0000000180025095e-35 -1.6792385571657114 1.0000000180025095e-35 -1.4879188024431256 -0.92419775505441082 -1.7205329913411653 -1.706756867122339 -1.6389242138941136 0.69558447879726681 1.0000000180025095e-35 1.0000000180025095e-35 -0.73300556417410279 0.84783260509772262 0.95781783596699255 1.2993605590551378 1.1610859643364637 1.4051243056262674 1.0000000180025095e-35 0.83361430745271226 -0.05324025311655247 1.1341786478862106 1.1478662893512472 0.52114338093949109 -0.80155907459109021 -1.3792605562038578 1.1068935118785315 -1.2432879723420092 -1.6509015653174675 -1.4069152600807204 -1.5144991847650151
decision_type=2 2 2 2 2 2 2 2 2 2 2 2 2 2 2 2 2 2 2 2 2 2 2 2 2 2 2 2 2 2
left_child=27 2 3 -2 5 -4 -7 8 9 10 -3 -11 -10 -14 15 -5 -16 18 -6 -19 24 22 -22 -23 25 -9 -26 28 29 -1
right_child=1 7 4 14 17 6 -8 20 12 11 -12 -13 13 -15 16 -17 -18 19 -20 -21 21 23 -24 -25 26 -27 -28 -29 -30 -31
leaf_value=-0.00051392749003652076 -0.014109721626046784 0.0016762280580969375 -0.0056264710180195313 0.00046498561576095834 -0.005289029936802591 0.035055492725752466 0.010888486123848254 -0.00033377615339234514 -0.019753304963731871 -0.0039133346059184145 -0.0094971314313200619 0.011261205616283717 0.0088474169895052922 -0.0072354115465995518 -0.016964555047452451 0.015315709392038676 -0.00096514500709700174 0.01663003291028577 0.010045680845519756 0.0018007109448565945 0.0077814320479545679 0.001177199063311405 -0.0028985992015805096 2.2034427720352686e-05 0.0016408342410996091 -0.020382350971663576 1.2246873627984609e-05 -6.9321239636978727e-05 -0.00052628089162860337 -0.012713714108879989
leaf_weight=90 43 183 28 535 106 22 41 4061 28 69 180 117 25 181 25 26 58 37 41 96 179 2708 82 8252 2208 36 47432 64964 1411 48
leaf_count=90 43 183 28 535 106 22 41 4061 28 69 180 117 25 181 25 26 58 37 41 96 179 2708 82 8252 2208 36 47432 64964 1411 48
internal_value=3.65523e-13 8.83618e-05 0.00119063 -0.000640225 0.00458092 0.0116495 0.0193278 7.06225e-05 -0.00255008 -0.000646982 -0.00386428 0.00563194 -0.00701503 -0.00528361 0.000259136 0.00115325 -0.00578424 0.00228363 -0.001012 0.00592616 0.000102212 0.000403251 0.00442602 0.000307453 3.93514e-05 -0.000509941 8.46869e-05 -8.87417e-05 -0.000903224 -0.00475733
internal_weight=133312 66799 1058 687 371 91 63 65741 783 549 363 186 234 206 644 561 83 280 147 133 64958 11221 261 10960 53737 4097 49640 66513 1549 138
internal_count=133312 66799 1058 687 371 91 63 65741 783 549 363 186 234 206 644 561 83 280 147 133 64958 11221 261 10960 53737 4097 49640 66513 1549 138
is_linear=0
shrinkage=0.1


Tree=95
num_leaves=31
num_cat=0
split_feature=1 1 1 0 0 2 4 0 0 0 0 0 0 0 0 0 1 0 1 0 0 1 0 0 0 0 1 0 1 0
split_gain=0.0972915 0.687545 0.321539 0.572449 0.769338 1.06546 0.403834 0.385394 0.706823 0.285485 0.252235 1.71469 0.781539 0.959669 0.519421 0.463835 1.53638 1.07602 0.633714 0.444387 0.397327 0.182226 1.42819 2.20394 1.32397 0.250445 0.702081 0.686147 0.157871 0.94418
threshold=-1.2166497752400189 -1.2559416080252952 -1.2686185968858925 -0.1354559775113521 0.17933523898616346 1.0000000180025095e-35 1.0000000180025095e-35 -0.99353267119825994 -0.58014252681446843 -1.1313028580400204 1.1478662893512472 0.99796256044795928 0.69558447879726681 0.64117377101421114 0.75056147091219505 1.3508819860763659 -1.2432879723420092 1.4714890195892034 -1.2432879723420092 1.2301100328484971 1.5128062009993337 -1.295855091744633 -0.35199527990260837 -0.81597829820735102 1.6068778746040728 1.6616309722471232 -1.3227491810155729 1.5529670407841329 -1.1894380865315706 1.2027513462519779
decision_type=2 2 2 2 2 2 2 2 2 2 2 2 2 2 2 2 2 2 2 2 2 2 2 2 2 2 2 2 2 2
left_child=1 2 21 7 5 -5 -6 9 -9 -4 11 12 13 -3 -14 18 17 -17 -12 -20 -18 25 23 -23 -24 27 -27 -1 29 -2
right_child=28 10 3 4 6 -7 -8 8 -10 -11 15 -13 14 -15 -16 16 20 -19 19 -21 -22 22 24 -25 -26 26 -28 -29 -30 -31
leaf_value=3.8069047796066046e-05 0.0024614366972163168 -0.0024946615982252432 0.0045673139250892057 0.001586458487091241 -0.00098135885352231673 -0.027702801771785902 0.0080110304712434303 0.018594027303580968 0.0035074116004010047 -0.0072361372687198503 0.019498401034909948 -0.022198843742212791 0.01703430594255527 -0.02313127499073744 0.0017523548977319585 -0.029380979395604565 0.011551096115726979 -0.003821341854054481 0.010064782806101347 -0.0060688622528687125 -0.0003319539428476299 -0.00100404465180846 0.0027571096257531054 -0.016296013185338406 -0.020308167061123712 0.0039429796530702525 -0.013467382650822403 -0.0036361732764690676 2.4427387987951017e-05 -0.0062054145342848996
leaf_weight=15935 904 1113 85 27 163 23 72 53 75 27 26 44 30 23 86 28 48 40 31 38 68 307 581 136 26 315 25 525 112312 146
leaf_count=15935 904 1113 85 27 163 23 72 53 75 27 26 44 30 23 86 28 48 40 31 38 68 307 581 136 26 315 25 525 112312 146
internal_value=4.7406e-12 -0.000203641 -3.17687e-05 0.00240741 -0.000622798 -0.0118866 0.00177376 0.00600577 0.00975421 0.00172184 -0.00220882 -0.00279598 -0.00211409 -0.00291248 0.00570458 0.000518669 -0.00241109 -0.0143459 0.00619316 0.00117959 0.00458517 -0.000103509 -0.00138155 -0.00569864 0.00176914 -2.36313e-05 0.00266281 -7.91228e-05 3.58377e-05 0.00125633
internal_weight=133312 19950 18375 525 285 50 235 240 128 112 1575 1296 1252 1136 116 279 184 68 95 69 116 17850 1050 443 607 16800 340 16460 113362 1050
internal_count=133312 19950 18375 525 285 50 235 240 128 112 1575 1296 1252 1136 116 279 184 68 95 69 116 17850 1050 443 607 16800 340 16460 113362 1050
is_linear=0
shrinkage=0.1


Tree=96
num_leaves=31
num_cat=0
split_feature=4 1 1 1 0 1 1 0 1 0 0 0 0 0 1 0 2 0 0 1 1 1 1 1 0 0 1 0 1 1
split_gain=0.0928209 0.609144 1.02193 0.659676 1.24402 0.931274 0.661511 0.658235 0.501266 1.47037 1.05882 1.34096 1.18636 0.411711 1.24818 0.865538 0.886455 0.553346 0.376525 0.369833 0.328595 0.6962 0.520996 0.740942 1.0824 0.517657 0.505032 0.478855 0.660676 1.43518
threshold=1.0000000180025095e-35 0.21882165182491162 1.0367401902321671 0.26029141931089844 1.5128062009993337 0.28750424435433314 0.90043306027112135 -0.80244054935170817 0.14962634069378936 -1.5438104184792234 0.69558447879726681 1.5395584382489742 -0.86992621940557202 1.6897037770005499 1.2825421071128034 1.6616309722471232 1.0000000180025095e-35 1.5662704605009601 1.2993605590551378 1.5263981832552547 1.2000602348101583 0.21882165182491162 -0.27312107556913451 -0.23159998956157571 -1.5295459605057691 -0.66196591156441087 0.34340692341768231 1.6755083173766263 1.5932765350228384 1.4859446410606774
decision_type=2 2 2 2 2 2 2 2 2 2 2 2 2 2 2 2 2 2 2 2 2 2 2 2 2 2 2 2 2 2
left_child=20 8 3 4 18 7 -7 -5 -2 -10 12 -12 -11 15 -15 17 -17 -4 -3 -16 21 22 -1 24 -24 -25 -23 -22 29 -29
right_child=1 2 13 5 -6 6 -8 -9 9 10 11 -13 -14 14 19 16 -18 -19 -20 -21 27 26 23 25 -26 -27 -28 28 -30 -31
leaf_value=-0.00011285755961654616 -0.00012360077126997968 0.004359271953806307 -0.00013306168224064003 -0.010291110409057834 0.026512560278177263 0.000834757409825143 0.0030003885496474713 -0.0011104796352514694 -0.022367313245518342 0.0028728998089530347 0.0074574338213260032 -0.011693494100537565 -0.0070000079552415568 0.0094974245382190656 -0.02002871382172175 -0.0018164739560555009 0.019682112943635071 -0.0049163241451325636 -0.0072202521779884902 -0.0051916449330747134 0.00031582714235150414 -0.001742410932056282 0.015451486825720588 -0.00061260599620654131 0.002323912939500153 0.00083724145850671942 -0.00039843568975951431 0.002338771415700663 -0.0052521718932049613 0.022814633756717471
leaf_weight=37425 24070 439 8424 112 25 7859 1719 258 36 174 195 45 405 33 42 34 44 249 30 28 13480 3202 67 3538 1004 8102 22051 126 49 47
leaf_count=37425 24070 439 8424 112 25 7859 1719 258 36 174 195 45 405 33 42 34 44 249 30 28 13480 3202 67 3538 1004 8102 22051 126 49 47
internal_value=3.69217e-13 0.000118438 0.00054026 0.00121039 0.00477718 0.00103326 0.00122343 -0.00388948 -0.000208121 -0.00258754 -0.0017181 0.00386663 -0.00403302 -0.000250054 -0.00653551 -0.000176074 0.0103109 -0.000270388 0.00361858 -0.0140939 -5.87876e-05 -0.000140663 7.50099e-05 0.000628148 0.00314515 0.000396558 -0.000568847 0.000391692 0.00499827 0.00790158
internal_weight=133312 44221 19296 10442 494 9948 9578 370 24925 855 819 240 579 8854 103 8751 78 8673 469 70 89091 75389 50136 12711 1071 11640 25253 13702 222 173
internal_count=133312 44221 19296 10442 494 9948 9578 370 24925 855 819 240 579 8854 103 8751 78 8673 469 70 89091 75389 50136 12711 1071 11640 25253 13702 222 173
is_linear=0
shrinkage=0.1


Tree=97
num_leaves=31
num_cat=0
split_feature=3 0 2 1 1 1 1 1 4 0 4 1 2 1 1 0 1 1 0 1 1 1 1 1 4 2 2 1 1 1
split_gain=0.0896781 0.140074 0.185323 0.248586 0.458787 0.197762 0.437948 0.25265 0.140145 0.126397 0.790586 0.372451 0.336462 0.245942 0.318825 0.113467 0.313816 0.546469 0.631738 0.404486 0.645295 0.638727 0.76531 0.490011 0.39469 0.319794 0.291732 0.226958 0.210386 0.123514
threshold=1.0000000180025095e-35 1.7165539994479666 1.0000000180025095e-35 0.751316437217176 -0.026991488631561162 1.1861209055925299 0.65583258508244013 -1.0072735885236976 1.0000000180025095e-35 -1.7184158235506455 1.0000000180025095e-35 0.41105895368209155 1.0000000180025095e-35 0.73787789902112111 -0.20493038807522576 1.6897037770005499 0.94173826827373641 1.4859446410606774 1.7028524135910643 -1.3517739694608502 -1.5545329032043538 -0.74737889880155994 -0.86892668060500788 -0.65122107733173962 1.0000000180025095e-35 1.0000000180025095e-35 1.0000000180025095e-35 -1.4752323715718638 1.6473880431450916 -1.706756867122339
decision_type=2 2 2 2 2 2 2 2 2 2 2 2 2 2 2 2 2 2 2 2 2 2 2 2 2 2 2 2 2 2
left_child=15 9 5 4 8 6 7 -3 -4 10 11 12 -2 14 -12 29 19 18 26 20 25 22 -21 -23 -20 -17 -18 -22 -19 -1
right_child=1 2 3 -5 -6 -7 -8 -9 -10 -11 13 -13 -14 -15 -16 16 17 28 24 21 27 23 -24 -25 -26 -27 -28 -29 -30 -31
leaf_value=0.0014611515861539411 -0.0087067205869757087 -0.0070387903898954385 0.0037812347502701664 0.013316742963446628 -0.0085624108090996739 0.0089203431690111756 -0.014146974229294321 0.0049265033239498735 0.013413678644144018 8.1374330738187106e-05 0.0030744760064408184 -0.013487480974422312 0.0030219062647603928 -0.002499744825763628 0.017402904853224755 0.013589714855576555 0.012346169445663691 0.0096048402716405693 -0.016397129632187663 0.0059994546186635123 -0.019940718148081078 -0.013032320465730586 0.02709152346011251 0.002021646207112076 -0.0019337001417217585 -0.003662650702013211 -0.0037183938977810057 -0.0058390004727989437 -0.0029565957561135292 -0.00010881334093936538
leaf_weight=505 51 25 44 29 26 20 23 60 23 66357 44 53 47 32 24 21 20 40 54 123 21 23 20 361 29 22 26 25 20 65144
leaf_count=505 51 25 44 29 26 20 23 60 23 66357 44 53 47 32 24 21 20 40 54 123 21 23 20 361 29 22 26 25 20 65144
internal_value=3.85465e-13 8.17697e-05 0.00244439 0.00523321 0.00271254 -0.000213696 -0.00190518 0.0014073 0.00708789 7.29021e-05 -0.00216691 -0.0067341 -0.00308177 0.00472955 0.00813157 -8.22668e-05 0.00109776 -0.00246675 -0.00613393 0.00219141 -0.00404409 0.00324447 0.00894939 0.00111998 -0.0113436 0.00476292 0.0032662 -0.0122767 0.00541769 -9.67365e-05
internal_weight=133312 66858 250 122 93 128 108 85 67 66608 251 151 98 100 68 66454 805 189 129 616 89 527 143 384 83 43 46 46 60 65649
internal_count=133312 66858 250 122 93 128 108 85 67 66608 251 151 98 100 68 66454 805 189 129 616 89 527 143 384 83 43 46 46 60 65649
is_linear=0
shrinkage=0.1


Tree=98
num_leaves=31
num_cat=0
split_feature=2 0 1 1 1 1 1 0 1 1 1 0 0 3 0 0 1 0 0 1 0 1 0 1 0 0 0 0 0 1
split_gain=0.0840209 0.112057 0.380253 0.384399 1.39346 0.359312 0.547844 0.302349 0.246758 0.176353 0.113133 0.406048 0.434456 0.894823 0.309601 0.261173 0.146777 0.587554 0.932909 0.441813 0.823222 0.361451 0.358159 0.0989779 0.19475 0.480363 1.14003 0.369134 0.355163 0.279486
threshold=1.0000000180025095e-35 -1.7052773815020628 -1.295855091744633 0.26029141931089844 0.54682020174691137 -0.20493038807522576 -0.85521883689343603 -1.7184158235506455 0.99763118324291822 0.013756924090183297 1.7164242529502232 -0.78791033983245418 -0.1354559775113521 1.0000000180025095e-35 -1.2135711569050573 0.95781783596699255 1.6888782493775765 -0.69084601288405256 -0.89691327455437053 1.6758661632427945 1.4320094499535589 1.6625467557041274 -0.20355569824042799 1.6625467557041274 -1.5438104184792234 -1.0633242101616847 -0.93833068682490606 -1.3325181519180707 -0.67555421783284897 1.6888782493775765
decision_type=2 2 2 2 2 2 2 2 2 2 2 2 2 2 2 2 2 2 2 2 2 2 2 2 2 2 2 2 2 2
left_child=23 2 7 5 -5 6 -4 -2 -6 -7 16 14 13 -13 -12 -14 19 18 -18 21 -21 -3 -19 -1 -25 27 -27 29 -28 -26
right_child=1 10 3 4 8 9 -8 -9 -10 -11 11 12 15 -15 -16 -17 17 22 -20 20 -22 -23 -24 24 25 26 28 -29 -30 -31
leaf_value=-9.6660717968794402e-05 -0.0020967576383171898 8.689109802225201e-05 0.0055314729428466635 -0.020533752047385164 0.0048130566547688559 0.013228177295199463 -0.0056938400513000705 -0.015180576122789223 -0.0028503316843816353 0.0036678954439107766 -0.0019873384645001757 -0.024418416958568352 0.0027499635890782092 0.0013447816591136731 0.011319035346455434 -0.0062118334804351135 0.0010591472937139096 0.010461237138536361 -0.016006189389597802 -0.0023543656650633882 -0.022988056506784191 0.0037806780648214702 0.0025046977946550537 -0.0041191739373301209 0.0071480754522546645 -0.01509281545067611 0.007000926431113233 0.0098314349254246293 0.00041305021982497548 -0.0058907155266829901
leaf_weight=65231 38 64937 85 39 73 35 89 33 99 43 36 28 71 26 34 60 135 70 42 244 21 266 295 76 31 46 90 102 902 35
leaf_count=65231 38 64937 85 39 73 35 89 33 99 43 36 28 71 26 34 60 135 70 42 244 21 266 295 76 31 46 90 102 902 35
internal_value=9.47036e-12 7.92187e-05 -0.00136358 -0.000318611 -0.00346752 0.00231797 -0.00021021 -0.00817797 0.000402153 0.00795777 9.08455e-05 -0.00201142 -0.00446602 -0.0120139 0.00447576 -0.00135468 9.89667e-05 0.00173782 -0.00299025 8.53989e-05 -0.00398949 0.00010196 0.00403061 -7.95593e-05 0.0007906 0.00110001 0.000297096 0.00606084 0.00101074 0.000233565
internal_weight=133312 66799 534 463 211 252 174 71 172 78 66265 255 185 54 70 131 66010 542 177 65468 265 65203 365 66513 1282 1206 1038 168 992 66
internal_count=133312 66799 534 463 211 252 174 71 172 78 66265 255 185 54 70 131 66010 542 177 65468 265 65203 365 66513 1282 1206 1038 168 992 66
is_linear=0
shrinkage=0.1


Tree=99
num_leaves=31
num_cat=0
split_feature=0 1 4 0 1 0 0 1 0 0 0 0 0 1 1 0 0 1 0 1 0 1 1 0 0 3 0 0 0 1
split_gain=0.0795901 0.326743 0.620938 0.808461 0.460713 0.351948 0.440874 0.265846 0.439018 0.378617 0.466683 0.239202 0.634674 0.226648 0.73561 2.437 0.606564 0.361219 1.58954 1.22324 0.167974 0.156225 0.828778 1.21606 1.5473 1.18301 0.734718 0.558972 0.824719 1.05332
threshold=-1.0633242101616847 1.6625467557041274 1.0000000180025095e-35 -1.664457234418135 1.7164242529502232 -1.624164187359636 -1.3325181519180707 1.6473880431450916 -1.5020979626235937 -1.3479419897304001 -1.2402300950516318 -1.3910239839141842 -1.2674358271384925 1.5112445122726588 1.5263981832552547 -1.5155291986113173 -1.1039996790362185 1.3248078178824525 -1.0906436271431159 1.2545506272603555 -1.5155291986113173 1.5534151710074486 1.5401712741309139 1.5395584382489742 1.1341786478862106 1.0000000180025095e-35 -0.067348458797181723 -0.14919505608193159 -0.17621277219873899 1.6075152594604856
decision_type=2 2 2 2 2 2 2 2 2 2 2 2 2 2 2 2 2 2 2 2 2 2 2 2 2 2 2 2 2 2
left_child=1 7 3 -3 11 -5 -7 13 -9 -10 -11 20 -13 17 15 -15 -16 19 -19 -1 -4 22 -2 24 26 -26 -24 28 -23 -30
right_child=21 2 4 5 -6 6 -8 8 9 10 -12 12 -14 14 16 -17 -18 18 -20 -21 -22 27 23 -25 25 -27 -28 -29 29 -31
leaf_value=-0.00026222752577804699 4.7253671910012102e-05 -0.016625005613874505 0.010712894675848277 0.013033381570130587 -0.0046747930204639075 -0.0033426723175140382 0.0042364708070458798 0.0038570492010977539 -0.018498072015314265 0.0060019909930617912 -0.014884537809994073 -0.0062004670604235597 0.013642238746397198 -0.013800045690732078 0.00099870436648293796 0.019296761017854085 -0.010341632578521968 -0.0010777532280796074 -0.017439771483411953 0.0046536805047959267 0.021506594848774731 -0.0014852652855795589 0.0084369531337870288 -0.019028792317424503 0.0051048301287334071 0.036343919589287704 -0.00064451009225081749 0.00022538556568489689 0.0070961188059300191 -0.01990801767858032
leaf_weight=22179 101605 27 46 24 26 153 154 36 29 23 20 27 40 32 832 73 50 1402 62 518 21 1741 160 21 22 27 201 3689 20 52
leaf_count=22179 101605 27 46 24 26 153 154 36 29 23 20 27 40 32 832 73 50 1402 62 518 21 1741 160 21 22 27 201 3689 20 52
internal_value=-8.59905e-13 -0.000157828 0.00232834 1.37253e-05 0.00750727 0.00137096 0.000459243 -0.00020882 -0.00515959 -0.0096679 -0.00371267 0.00987096 0.00564592 -0.000187558 0.00129777 0.00921012 0.000355828 -0.000248235 -0.00177068 -0.000150035 0.014096 3.78273e-05 6.58156e-05 0.00444166 0.0056438 0.0223182 0.00338052 -0.000481224 -0.001919 -0.0124069
internal_weight=133312 25774 518 358 160 331 307 25256 108 72 43 134 67 25148 987 105 882 24161 1464 22697 67 107538 102036 431 410 49 361 5502 1813 72
internal_count=133312 25774 518 358 160 331 307 25256 108 72 43 134 67 25148 987 105 882 24161 1464 22697 67 107538 102036 431 410 49 361 5502 1813 72
is_linear=0
shrinkage=0.1


end of trees

feature_importances:
Rainfall_mm=1211
Temperature_Celsius=1159
Irrigation_Used=346
Fertilizer_Used=192
Weather_Condition_Rainy=92

parameters:
[boosting: gbdt]
[objective: regression]
[metric: rmse,l2]
[tree_learner: serial]
[device_type: cpu]
[data_sample_strategy: bagging]
[data: ]
[valid: ]
[num_iterations: 100]
[learning_rate: 0.1]
[num_leaves: 31]
[num_threads: 1]
[seed: 42]
[deterministic: 0]
[force_col_wise: 0]
[force_row_wise: 0]
[histogram_pool_size: -1]
[max_depth: 6]
[min_data_in_leaf: 20]
[min_sum_hessian_in_leaf: 0.001]
[bagging_fraction: 1]
[pos_bagging_fraction: 1]
[neg_bagging_fraction: 1]
[bagging_freq: 0]
[bagging_seed: 400]
[bagging_by_query: 0]
[feature_fraction: 1]
[feature_fraction_bynode: 1]
[feature_fraction_seed: 30056]
[extra_trees: 0]
[extra_seed: 12879]
[early_stopping_round: 0]
[early_stopping_min_delta: 0]
[first_metric_only: 0]
[max_delta_step: 0]
[lambda_l1: 0]
[lambda_l2: 0]
[linear_lambda: 0]
[min_gain_to_split: 0]
[drop_rate: 0.1]
[max_drop: 50]
[skip_drop: 0.5]
[xgboost_dart_mode: 0]
[uniform_drop: 0]
[drop_seed: 17869]
[top_rate: 0.2]
[other_rate: 0.1]
[min_data_per_group: 100]
[max_cat_threshold: 32]
[cat_l2: 10]
[cat_smooth: 10]
[max_cat_to_onehot: 4]
[top_k: 20]
[monotone_constraints: ]
[monotone_constraints_method: basic]
[monotone_penalty: 0]
[feature_contri: ]
[forcedsplits_filename: ]
[refit_decay_rate: 0.9]
[cegb_tradeoff: 1]
[cegb_penalty_split: 0]
[cegb_penalty_feature_lazy: ]
[cegb_penalty_feature_coupled: ]
[path_smooth: 0]
[interaction_constraints: ]
[verbosity: -1]
[saved_feature_importance_type: 0]
[use_quantized_grad: 0]
[num_grad_quant_bins: 4]
[quant_train_renew_leaf: 0]
[stochastic_rounding: 1]
[linear_tree: 0]
[max_bin: 255]
[max_bin_by_feature: ]
[min_data_in_bin: 3]
[bin_construct_sample_cnt: 200000]
[data_random_seed: 175]
[is_enable_sparse: 1]
[enable_bundle: 1]
[use_missing: 1]
[zero_as_missing: 0]
[feature_pre_filter: 1]
[pre_partition: 0]
[two_round: 0]
[header: 0]
[label_column: ]
[weight_column: ]
[group_column: ]
[ignore_column: ]
[categorical_feature: ]
[forcedbins_filename: ]
[precise_float_parser: 0]
[parser_config_file: ]
[objective_seed: 16083]
[num_class: 1]
[is_unbalance: 0]
[scale_pos_weight: 1]
[sigmoid: 1]
[boost_from_average: 1]
[reg_sqrt: 0]
[alpha: 0.9]
[fair_c: 1]
[poisson_max_delta_step: 0.7]
[tweedie_variance_power: 1.5]
[lambdarank_truncation_level: 30]
[lambdarank_norm: 1]
[label_gain: ]
[lambdarank_position_bias_regularization: 0]
[eval_at: ]
[multi_error_top_k: 1]
[auc_mu_weights: ]
[num_machines: 1]
[local_listen_port: 12400]
[time_out: 120]
[machine_list_filename: ]
[machines: ]
[gpu_platform_id: -1]
[gpu_device_id: -1]
[gpu_use_dp: 0]
[num_gpu: 1]

end of parameters

pandas_categorical:[]
